"Id","DateCreated","DateUpdated","Code","Description","CategoryId","DefaultPrice","BarCode","AgeRestricted","DateDeleted","ImagePath","GroupId","IsExternal","MeasurementUnit","TaxInformation_Cest","TaxInformation_ExTipi","TaxInformation_Ncm","TaxInformation_Origin","Discriminator","ConversionUnitName","ConversionUnitRatio","CreatorGroupId","DateStandardized","ShippingConversionUnitName","ShippingConversionUnitRatio","ParentProductId"
1057,2026-02-19 20:04:52.539,2026-03-02 13:20:22.695,"7898599212705",BARRA WHEY GREGO NUTRATA TORTA DE LIMÃO 40G,8,6.99,"7898599212705",false,,images/product/1057_MJSRKEZ4FPL2YXTTBGMRKN9XSRYX9X2P.png,,false,0,,,,,Product,0,1,,,1,12,
1090,2026-02-20 12:39:21.872,2026-03-02 13:20:25.467,"7898599212743",BARRA WHEY GREGO NUTRATA MORANGO E CHANTILLY 40G,8,6.99,"7898599212743",false,,images/product/1090_L79LDG3H9KBHKLEVV4WZ5WS3JDYHB58U.png,,false,0,,,,,Product,0,1,,,1,12,
1091,2026-02-20 12:40:36.778,2026-03-02 13:20:31.188,"7898599213603",BARRA WHEY GREGO NUTRATA BRIGADEIRO 40G,8,6.99,"7898599213603",false,,images/product/1091_FKSSPNKY94UJGKV8B8RVUTXN39V4EXFC.png,,false,0,,,,,Product,0,1,,,1,12,
991,2026-02-09 11:57:51.398,2026-02-09 11:58:50.709,"7896691103181",BEB LACTEA LIQ CAROLINA FRUT VERM 150g,68,2.19,"7896691103181",false,,images/product/991_D5V3NCLDPWEBCJALBN9TQZFDQVAXMLQ2.png,,false,0,,,,,Product,0,1,,,0,1,
1123,2026-02-23 19:38:33.864,2026-03-02 13:20:34.043,"7898599216376",BARRA WHEY GREGO NUTRATA DOCE DE LEITE HAVANNA 40G,8,6.99,"7898599216376",false,,images/product/1123_XKJLA5QTN48VMLZG2XRN74GM45F976X9.png,,false,0,,,,,Product,0,1,,,1,12,
992,2026-02-09 11:59:14.857,2026-02-09 11:59:59.737,"7896691103174",BEB LACTEA LIQ CAROLINA GRAVIOLA 150g,68,2.19,"7896691103174",false,,images/product/992_NGS5HU8X3YKFTF3LDXCAXRPPZ8XFMWKZ.png,,false,0,,,,,Product,0,1,,,0,1,
1024,2026-02-18 18:25:37.032,2026-02-18 18:26:05.168,"7891000389225",BEBIDA LÁCTEA UHT CAPPUCCINO CANELA COM CAFÉ NESCAFÉ FRASCO 270ML,68,8.19,"7891000389225",false,,images/product/1024_PB24DRK7VTUC89KZHSYGCE72PVPYQRE3.png,,false,0,,,,,Product,0,1,,,0,1,
1519,2026-04-10 21:11:30.389,2026-04-10 21:11:38.581,"7891098010421",CHÁ CAPIM-CIDREIRA CHÁ LEÃO CAIXA 15G 15 UNIDADES,11,1.29,"7891098010421",false,,images/product/1519_RMNAWNQP86CD6Z9TPUPYFZVXNBR3FV7W.png,,false,0,,,,,Product,0,1,,,0,1,
1156,2026-03-02 16:47:45.315,2026-03-02 16:48:04.723,"782840822286",Cheetos Salgadinho Sabor Parmesão,4,3.79,"782840822286",false,,images/product/1156_X3FP5KSJ6GHKVCCYY8NTEMTZHPMHMRR4.webp,,false,0,,,,,Product,0,1,,,0,1,
1027,2026-02-18 18:29:27.013,2026-02-18 18:29:35.029,"7894900508017",ISOTÔNICO FRUTAS TROPICAIS POWERADE GARRAFA 500ML,100,5.49,"7894900508017",false,,images/product/1027_9MUAZ2BACDMV9YMXZZDPK2CRXEK4TNVS.png,,false,0,,,,,Product,0,1,,,0,1,
1189,2026-03-03 16:21:18.640,2026-03-03 16:21:18.640,,TRENTO BRANCO-DARK 29G,,,"7896306625268",false,,,,false,0,,,,,SubProduct,0,1,,,0,1,147
1222,2026-03-03 16:49:48.162,2026-03-03 16:49:48.162,,CHOCOLATE DARK TRENTO 29G,,,"7896306625282",false,,,,false,0,,,,,SubProduct,0,1,,,0,1,185
185,2025-10-10 12:29:33.435,2026-03-03 16:49:56.416,"7896306625275",CHOCOLATE DARK TRENTO 32G,9,2.29,"7896306625275",false,,images/product/185_U5K84326LUCWK6C8J7NTSTWHKDL6Q44Q.png,,false,0,,,"19053200",0,Product,1,16,,2025-10-10 12:29:33.435,5,16,
1255,2026-03-05 16:58:37.684,2026-03-05 16:58:37.684,,"",,,"1111",false,,,,false,0,,,,,SubProduct,0,1,,,0,1,-2
1256,2026-03-05 16:58:39.854,2026-03-05 16:58:39.854,,"",,,"11111",false,,,,false,0,,,,,SubProduct,0,1,,,0,1,-2
1289,2026-03-13 19:54:40.912,2026-03-13 19:57:28.311,,teste 1,,,"123123123",false,,,,false,0,,,,,SubProduct,0,1,,,0,1,1288
1288,2026-03-13 19:54:28.489,2026-03-13 20:02:13.123,_1288_1111111,teste,,1,,false,2026-03-13 22:08:40.962,,,false,0,,,,,Product,0,1,,,0,1,
1026,2026-02-18 18:27:20.118,2026-03-13 22:12:53.482,"7896423424157",CHOC TWIX 30X15G,9,1.69,"7896423424157",false,,images/product/1026_W7LWDSRL5ZD3DFP9X2P9VDNA2LHBUN7K.png,,false,0,,,,,Product,0,1,,,1,30,
1321,2026-03-17 16:29:49.129,2026-03-17 16:29:49.129,"000001",Agrupamento - Fini,,2.99,,false,,,,false,0,,,,,ProductGroup,0,1,,,0,1,
1354,2026-03-23 14:21:35.727,2026-03-23 14:21:35.727,"7891991295055",CERVEJA PILSEN CORONA LATA 350ML,,10,"7891991295055",false,,,,false,0,,,,,Product,0,1,,,0,1,
1387,2025-10-15 20:41:33.461,2026-03-27 16:53:53.562,"78945494",TIC TAC FRESH MENTA,1,2.4,"78945494",false,,,,false,0,,,,,Product,0,1,,,1,14,
1420,2026-04-01 18:10:03.778,2026-04-01 18:10:03.778,"1",Flor de Ype,2,2,"7896098902226",true,,,,false,0,,,,,Product,0,1,,,0,1,
1453,2026-04-10 14:15:32.980,2026-04-10 14:15:32.980,"7896061300189",BISCOITO DIN CRACKERS QUEIJO TUCS PACOTE 100G,,1.99,"7896061300189",false,,,,false,0,,,,,Product,0,1,,,0,1,
1486,2026-04-10 18:40:59.893,2026-04-10 18:40:59.893,,"",,,"611269101713",false,,,,false,0,,,,,SubProduct,0,1,,,0,1,333
958,2026-01-27 13:35:09.679,2026-04-10 19:16:51.196,"7895800304235",Trident Canela,1,2.09,"7895800304235",false,,images/product/958_64HAZD2CNAMD9ZDRL624EMDL9S6HUG44.png,,false,0,,,,,Product,0,1,,,5,21,
1028,2026-02-18 18:29:58.231,2026-03-02 17:04:22.992,"7894900504002",ISOTÔNICO MIX DE FRUTAS POWERADE GARRAFA 500ML,100,6.40,"7894900504002",false,,images/product/1028_GPG9PRA6Q66HY9AXBKYXF6BLZCBH6XKV.png,,false,0,,,,,Product,0,1,,,0,1,
993,2026-02-09 12:00:29.181,2026-02-09 12:01:19.869,"7896691103112",BEB LACTEA LIQ CAROLINA MORANGO 150g,68,2.19,"7896691103112",false,,images/product/993_7238284JUH3TAR8622ULVBXJNUK5FVR4.png,,false,0,,,,,Product,0,1,,,0,1,
1257,2026-03-05 17:41:40.027,2026-03-05 17:41:40.027,,"",,,"7891079013090",false,,,,false,0,,,,,SubProduct,0,1,,,0,1,100
1025,2026-02-18 18:26:21.592,2026-02-18 18:26:25.771,"7891000389300",BEBIDA LÁCTEA UHT CHOCOCINO COM CAFÉ NESCAFÉ FRASCO 270ML,68,8.19,"7891000389300",false,,images/product/1025_E2XQHBHPBNEDH9MFTMSJ7X7SLCSH8ARN.png,,false,0,,,,,Product,0,1,,,0,1,
49,2025-10-10 12:29:33.435,2026-03-02 13:06:44.156,"78938854",BALA HALLS MELANCIA 28G,1,1.79,"78938854",false,,images/product/49_RM3Y23693T8VPGQNQXN3ZQEHT9MM9ZLB.png,,false,0,,,"00000000",0,Product,0,1,,2025-10-10 12:29:33.435,5,21,
1290,2026-03-13 19:54:45.699,2026-03-13 19:57:31.176,,teste 2,,,"11111111111",false,,,,false,0,,,,,SubProduct,0,1,,,0,1,1288
1355,2026-03-23 14:22:26.435,2026-03-23 14:22:26.435,"7891991294942",CERVEJA PILSNER DUPLO MALTE BRAHMA LATA 350ML,,10,"7891991294942",false,,,,false,0,,,,,Product,0,1,,,0,1,
1487,2026-04-10 19:16:50.547,2026-04-10 19:16:50.547,,"",,,"7895800400173",false,,,,false,0,,,,,SubProduct,0,1,,,0,1,958
41,2025-10-10 12:29:33.435,2026-02-09 12:28:48.116,"7506339363883",CREME DENTAL ORAL-B 123 ANTICÁRIES MENTA SUAVE 70G,2,2.49,"7506339363883",false,,images/product/41_EUMV25XYXL4NZNWDGFPLM54YNK3LNHQY.png,,false,0,,,"00000000",,Product,0,1,,2025-10-10 12:29:33.435,0,1,
58,2025-10-10 12:29:33.435,2026-03-02 13:09:02.834,"7622202256691",CHOCOLATE DIAMANTE NEGRO LACTA 28G,9,3.29,"7622202256691",false,,images/product/58_FDP4SFYYV8YP8LAZD7VPUSC8K4FCDXGU.png,,false,0,,,"00000000",,Product,1,12,,2025-10-10 12:29:33.435,5,20,
118,2025-10-10 12:29:33.435,2026-03-02 13:12:03.885,"78938793",BALA HALLS CEREJA 28G,1,1.79,"78938793",false,,images/product/118_8ZM8N46MQFVUC699VK6E28WLVJ2G63T8.png,,false,0,,,"00000000",,Product,0,1,,2025-10-10 12:29:33.435,1,21,
130,2025-10-10 12:29:33.435,2026-03-02 13:12:32.313,"7896261402591",BARRA NUTS & JOY C/12 ORIG,8,2.99,"7896261402591",false,,images/product/130_9CL3YVTGXFM758QDK9S6KAUKXHQ7LHEH.png,,false,0,,,"00000000",,Product,1,12,,2025-10-10 12:29:33.435,1,12,
132,2025-10-10 12:29:33.435,2026-03-02 13:12:50.948,"7898591450648",GOMA FINI 15G - AMORA,1,0.69,"7898591450648",false,,images/product/132_SFH5XR36DHQ5GH9XT6C48ECGFUY79P9F.png,,false,0,,,"00000000",,Product,1,12,,2025-10-10 12:29:33.435,1,12,
142,2025-10-10 12:29:33.435,2026-03-02 13:13:12.669,"7896306625336",CHOCOLATE MORANGO TRENTO 32G,9,2.29,"7896306625336",false,,images/product/142_9Q8CW7V3PWPDW76HS332LCSRB8H4WDVT.png,,false,0,,,"19053200",0,Product,1,16,,2025-10-10 12:29:33.435,1,16,
146,2025-10-10 12:29:33.435,2026-03-02 13:13:22.830,"7896306623448",TRENTO DUO 32G,9,2.29,"7896306625299",false,,images/product/146_Q2D4VPEYQFN3UWQGTNKNTQLXSXFEJN8H.png,,false,0,,,"19053200",,Product,1,16,,2025-10-10 12:29:33.435,1,16,
148,2025-10-10 12:29:33.435,2026-03-02 13:13:26.115,"7896306625350",TRENTO MOUSE DE MARACUJÁ 32G,9,2.29,"7896306625350",false,,images/product/148_437H9AEZW7FJL76QMLZ8NSV3Q6A9DLJ6.png,,false,0,,,"00000000",,Product,1,16,,2025-10-10 12:29:33.435,1,16,
154,2025-10-10 12:29:33.435,2026-03-02 13:13:46.909,"7891000248768","WAFER KITKAT 41,5G",9,3.79,"7891000248768",false,,images/product/154_ME45MAJQMCQ55MNWULPVCQS7XRXAKJ7U.png,,false,0,,,"00000000",,Product,1,24,,2025-10-10 12:29:33.435,1,24,
1488,2026-04-10 19:29:22.430,2026-04-10 19:29:22.430,,"",,,"7891000440339",false,,,,false,0,,,,,SubProduct,0,1,,,0,1,108
1291,2026-03-13 19:54:48.637,2026-03-13 19:57:34.061,,teste 3,,,"321412341241",false,,,,false,0,,,,,SubProduct,0,1,,,0,1,1288
1292,2026-03-13 19:55:35.939,2026-03-13 19:55:38.003,_1292_12312313123,teste 2,,1,,false,2026-03-13 22:08:38.722,,,false,0,,,,,Product,0,1,,,0,1,
731,2025-12-10 13:16:56.257,2025-12-10 13:17:02.103,"7898341430074",NÉCTAR MARACUJÁ DEL VALLE CAIXA 1L,15,0.01,"7898341430074",false,,images/product/731_U4ER8F3Q5MQ5YUJMBBWRD9KQF8UH6QSQ.png,,false,0,,,,,Product,0,1,,2025-12-10 13:16:56.257,0,1,
77,2025-10-10 12:29:33.435,2026-03-02 13:09:37.979,"7898142865044",TORTUGUITA RECHEIO BAUNILHA,,1.5,"7898142865044",false,,images/product/77_6YGHHDHVLMQFDHC643JQ3RQH3NDZ5ADM.jpeg,,false,0,,,,,Product,0,1,,2025-10-10 12:29:33.435,5,24,
994,2026-02-09 12:31:06.501,2026-02-09 12:32:00.220,"7892940000010",DESOD AERO ADIDAS F CONTROL 150ml,2,14.19,"7892940000010",false,,images/product/994_LWPLWQ77SLSZK9CY6AYUL7XGLA9NYN6S.png,,false,0,,,,,Product,0,1,,,0,1,
96,2025-10-10 12:29:33.435,2026-03-02 13:11:17.002,"78907492",MINI CHOCOLATE TALENTO AMENDOAS E PASSAS 25G,9,2.29,"78907492",false,,images/product/96_LMQ4MZXUT9J3DPR4VFDEVLXRUNTJN7C2.png,,false,0,,,"00000000",,Product,1,15,,2025-10-10 12:29:33.435,1,15,
995,2026-02-09 12:32:17.965,2026-02-09 12:32:27.433,"7891350033915",DESOD AERO ADIDAS MASC INVISIBLE 150ml,2,14.19,"7891350033915",false,,images/product/995_734BT7BWQ3ZZCJVJCXBU8VXL4WLUH5HR.png,,false,0,,,,,Product,0,1,,,0,1,
117,2025-10-10 12:29:33.435,2026-03-02 13:11:59.698,"78907485",MINI CHOCOLATE TALENTO BRANCO CEREAIS E PASSAS 25G,9,2.29,"78907485",false,,images/product/117_YAFTN8M89UPPSJVKA4LGFTD853SMUFU8.png,,false,0,,,"00000000",,Product,1,15,,2025-10-10 12:29:33.435,1,15,
119,2025-10-10 12:29:33.435,2026-03-02 13:12:07.776,"7896423456561",CHOC SNICKERS MARACUJA 42G ,9,2.79,"7896423456561",false,,images/product/119_RHS9LND4BS239FU8E7ZE89RVY7Q758VG.png,,false,0,,,"00000000",,Product,1,20,,2025-10-10 12:29:33.435,1,20,
121,2025-10-10 12:29:33.435,2026-03-02 13:12:14.170,"7896261402607",BARRA NUTS & JOY NOZES/CANELA,8,1,"7896261402607",false,,images/product/121_CZSZSB3S6J4ESTKK2ZVYHATQLTE3RMBP.png,,false,0,,,,,Product,1,12,,2025-10-10 12:29:33.435,1,12,
123,2025-10-10 12:29:33.435,2026-03-02 13:12:18.807,"7896306612817",CHOC TRENTO AO LEITE 32G,9,2.29,"7896306625237",false,,images/product/123_7UFFT2YDRWEYDXAD8K2WRSE7LBWKSRVW.png,,false,0,,,"19053200",0,Product,0,1,,2025-10-10 12:29:33.435,1,16,
128,2025-10-10 12:29:33.435,2026-03-02 13:12:23.120,"7895144605678",MENTOS POWER KISS MENTA 50 UNIDADES,1,10.69,"7895144605678",false,,images/product/128_AUVUUQVWVG3HSZ3K5DYCHMNRYM8FM6EE.png,,false,0,,,"00000000",,Product,1,12,,2025-10-10 12:29:33.435,1,12,
131,2025-10-10 12:29:33.435,2026-03-02 13:12:36.040,"78938830",BALA HALLS MENTA 28G,1,1.79,"78938830",false,,images/product/131_LNLPXTUWJGC7PU7R4K5YFYHG56V5568R.png,,false,0,,,"00000000",,Product,1,21,,2025-10-10 12:29:33.435,1,21,
139,2025-10-10 12:29:33.435,2026-03-02 13:13:04.620,"7622202256721",CHOCOLATE BRANCO LAKA LACTA 28G,9,3.29,"7622202256721",false,,images/product/139_FC8NKPX5KLWR7X5YDM6YPJET555TVEVW.png,,false,0,,,"00000000",,Product,1,12,,2025-10-10 12:29:33.435,1,20,
143,2025-10-10 12:29:33.435,2026-03-02 13:13:16.582,"78929340",STIKADINHO MORANGO,9,0.89,"78929340",false,,images/product/143_H6HWQHZRSKRWWYZ8BV3FBZV98E82WP7Y.png,,false,0,,,"18063110",0,Product,1,32,,2025-10-10 12:29:33.435,1,30,
149,2025-10-10 12:29:33.435,2026-03-02 13:13:29.915,"78936911",CHOCOLATE AO LEITE GAROTO BATON COM MORANGO 16G,9,1.29,"78936911",false,,images/product/149_8CRQLFHMGYD5YALQEPXTTMC8AC9YGXJC.png,,false,0,,,"00000000",,Product,1,30,,2025-10-10 12:29:33.435,1,30,
157,2025-10-10 12:29:33.435,2026-03-02 13:13:54.598,"7895800309780",TRIDENT MELANCIA,1,2.09,"7895800309780",false,,images/product/157_VJUQA3SXR92QPR3W6GQMN5W5F3K3ECFM.png,,false,0,,,"00000000",,Product,1,21,,2025-10-10 12:29:33.435,1,21,
1293,2026-03-13 21:20:49.500,2026-03-13 21:21:25.775,"78936478",FANTA 200ML,10,1.99,"78936478",false,,images/product/1293_RV36PCN88DUECVWDEJDQS6964CTK8XQ2.png,,false,0,,,,,Product,0,1,,,0,1,
1294,2026-03-13 21:21:57.936,2026-03-13 21:22:15.991,"78939745",SPRITE 200ML,10,1.99,"78939745",false,,images/product/1294_YK7JSQKWVSVK6B9FNK3SFJZ4TWKVVXS5.png,,false,0,,,,,Product,0,1,,,0,1,
694,2025-12-05 12:24:21.132,2025-12-05 13:11:09.024,"7892840820633",BATATA FRITA RÚSTICA COM SAL MARINHO LAYS PACOTE 68G,4,10.59,"7892840820633",false,,images/product/694_FVMX26MGHDNBGF7RYB3CBPEYDLAWK35N.png,,false,0,,,,,Product,0,1,,2025-12-05 12:24:21.132,0,1,
695,2025-12-05 12:25:12.198,2025-12-05 13:11:12.910,"7892840820640",BATATA FRITA RÚSTICA CREAM CHEESE LAYS PACOTE 68G,4,10.59,"7892840820640",false,,images/product/695_62LAPF8VTFKF8PD3E6F4GCC5MG2WZ4CU.png,,false,0,,,,,Product,0,1,,2025-12-05 12:25:12.198,0,1,
727,2025-12-10 13:09:17.082,2025-12-10 13:09:26.540,"7894900701593","REFRIGERANTE SEM AÇÚCAR COCA-COLA GARRAFA 2,5L",15,0.01,"7894900701593",false,,images/product/727_CYECXRWXE9DDRTBDGN29DWUPSB52AU9A.png,,false,0,,,,,Product,0,1,,2025-12-10 13:09:17.082,0,1,
3,2025-10-10 12:29:33.435,2025-10-17 12:56:20.562,"0070847033301",ENERGÉTICO MONSTER MANGO LOCO 473ML,3,8.99,"0070847033301",false,,images/product/3_7ZENYZZDM7W9WKDEGPBEAN5MCDR5MJK8.jpeg,,false,0,,,"00000000",,Product,2,6,,2025-10-10 12:29:33.435,0,1,
7,2025-10-10 12:29:33.435,2026-03-02 13:03:46.985,"7896262304351",CONFEITO MENTOS C/16 FRUIT,1,2.39,"7896262304351",false,,images/product/7_SB5M76V6CPTDE3WWGLGA8FZZLJ2XGBH3.png,,false,0,,,"00000000",0,Product,0,1,,2025-10-10 12:29:33.435,5,16,
996,2026-02-09 12:33:00.935,2026-02-09 12:33:14.041,"75058845",DESOD ROLLON REXONA W INVIS ANTIBAC 50ml,2,11.99,"75058845",false,,images/product/996_PX757DSH25VWA9AYT4FTQ27TCBNYG4ND.png,,false,0,,,,,Product,0,1,,,0,1,
9,2025-10-10 12:29:33.435,2026-03-02 13:03:57.171,"7891962067889",BOLINHO DE LARANJA BAUDUCCO 40G,7,1.99,"7891962067889",false,,images/product/9_4ATMCJAK6X9EK333FPZWZ5GJKUWBFRPR.png,,false,0,,,"00000000",,Product,1,16,,2025-10-10 12:29:33.435,5,16,
997,2026-02-09 12:34:44.397,2026-02-09 12:35:01.748,"7898460933289",ESCOVA DENT PREMIUM SELECT 1UN,2,2.99,"7898460933289",false,,images/product/997_TVJWF9FJL3LYCFMY8WMGJDKY7CJTV2YZ.png,,false,0,,,,,Product,0,1,,,0,1,
15,2025-10-10 12:29:33.435,2026-03-02 13:05:34.695,"7896423481853",CHOCOLATE SNICKERS DARK 45G,9,3.09,"7896423481853",false,,images/product/15_JNXL7LM7AKMATY3MT7RF62LXGK2DBFZN.png,,false,0,,,"00000000",,Product,1,20,,2025-10-10 12:29:33.435,5,20,
998,2026-02-09 12:36:01.102,2026-02-09 12:36:15.610,"7892840823481",SALGAD ELMA CHIPS DORITOS PIM MEX 60g,4,7.49,"7892840823481",false,,images/product/998_7HL9KG8PTWKBS335NG2J4DWP4BSUYF7J.png,,false,0,,,,,Product,0,1,,,0,1,
22,2025-10-10 12:29:33.435,2025-10-17 12:57:38.508,"78933873",COCA COLA ZERO 200ML,10,1.99,"78933873",false,,images/product/22_DQYY3AF9PHKENRP53Y8EJ49MXPDXSUXK.jpeg,,false,0,"0301001",,"22021000",,Product,2,12,,2025-10-10 12:29:33.435,0,1,
23,2025-10-10 12:29:33.435,2026-03-02 13:05:41.112,"7896261402799",BARRA NUTS & JOY C/12 COCO/AMENDOAS,8,2.99,"7896261402799",false,,images/product/23_SXSYMF47MV5LRLRNYDF55NRTHK3K2MYZ.png,,false,0,,,"00000000",,Product,1,12,,2025-10-10 12:29:33.435,5,12,
24,2025-10-10 12:29:33.435,2026-03-02 13:05:48.449,"78938823",BALA HALLS MENTOL 28G,1,1.79,"78938823",false,,images/product/24_6DM4D6MTU643QC8A6R58V9N8EPFZ966A.png,,false,0,,,"00000000",0,Product,1,21,,2025-10-10 12:29:33.435,5,21,
28,2025-10-10 12:29:33.435,2026-03-02 13:06:09.496,"7896306621123",TRENTO CHEESECAKE DE MORANGO 32G,9,2.29,"7896306625213",false,,images/product/28_HD4R2M96BB4H7W6C8XCDDE5X32XKHNQE.png,,false,0,,,"19053200",0,Product,1,16,,2025-10-10 12:29:33.435,5,16,
760,2025-12-10 17:00:44.081,2025-12-10 17:04:02.136,_760_78917125,Talento Tablete Diet Avelãs 25g,9,2.29,"78917125",false,2025-12-10 17:08:05.884,images/product/760_JBWMN7DTYP6E7843A8VQKYQTXYDSCNAD.png,,false,0,,,"00000000",,Product,0,1,,2025-12-10 17:00:44.081,0,1,
113,2025-10-10 12:29:33.435,2026-03-02 13:11:52.366,"7895800304228",TRIDENT MENTA,1,2.09,"7895800304228",false,,images/product/113_8TXKLWWH6APTMY29NXTMAEB4N4GTA3WN.png,,false,0,"03.013.00",,"2106.90.50",0,Product,1,21,,2025-10-10 12:29:33.435,1,21,
8,2025-10-10 12:29:33.435,2025-10-17 16:22:39.051,"7891962053189",TORRADA BAUDUCCO TRAD 142g,6,4.59,"7891962053189",false,,images/product/8_ERZDUGSYMP9PLU893RSXGBM5KE44NX93.png,,false,0,,,"00000000",,Product,0,1,,2025-10-10 12:29:33.435,0,1,
5,2025-10-10 12:29:33.435,2025-10-17 16:21:51.497,"9002490275013",ENERG RED BULL 250ML MAR/MELAO LT,3,1,"9002490275013",false,,images/product/5_MD2JUYURJS77HHHSCZEU2JR6J2R2VKLG.png,,false,0,,,,,Product,0,1,,2025-10-10 12:29:33.435,0,1,
129,2025-10-10 12:29:33.435,2026-03-02 13:12:28.310,"7622300988517",CHOCOLATE LACTA BIS XTRA OREO 45G,1,2.97,"7622300988517",false,,images/product/129_RCMJBHF39DGUB6FAB2CPVRTDE6FKRZTS.png,,false,0,"1705800",,"19053200",0,Product,1,24,,2025-10-10 12:29:33.435,1,24,
331,2025-10-17 16:09:12.254,2026-03-02 13:17:26.832,"7896423488883",CHOCOLATE SNICKERS BRANCO 45G	,9,3.09,"7896423488883",false,,images/product/331_3RE6DRRWZUF7R3N7YQYQ535DZBYKZ5AY.png,,false,0,,,,,Product,0,1,,2025-10-17 16:09:12.254,1,20,
10,2025-10-10 12:29:33.435,2025-10-17 16:23:19.915,"7896004006406",BATATA PRINGLES CHURRASCO 109G,4,11.89,"7896004006406",false,,images/product/10_TSKUA6E6PTCGNTCNVFCYAPJGX4FC5HSH.png,,false,0,,,"00000000",,Product,1,18,,2025-10-10 12:29:33.435,0,1,
6,2025-10-10 12:29:33.435,2025-10-17 16:22:07.527,_6_7891079013090,CUP NOODLES LEGUMES C AZEITE 67g,5,6.59,"7891079013090",false,2026-03-05 17:41:35.952,images/product/6_KWEN3SRCQ5F9V5ZTHGJBZ6SKDKGPED27.png,,false,0,,,"00000000",,Product,0,1,,2025-10-10 12:29:33.435,0,1,
12,2025-10-10 12:29:33.435,2025-10-17 16:24:09.951,"9002490268121",ENERG RED BULL 250ML PESSEGO/MOR,3,7.79,"9002490268121",false,,images/product/12_5TFYT9T9EYBBPB9PU8CHYS2QSEM5MSCN.png,,false,0,,,"00000000",,Product,3,4,,2025-10-10 12:29:33.435,0,1,
14,2025-10-10 12:29:33.435,2025-10-17 16:24:49.950,"7622210592668",BISC RECH TRAKINAS M CHOC M CHOC BC 126g,6,2.99,"7622210592668",false,,images/product/14_CW9PT7QM73CUYSHVAL7QFLMXFYY7MDJW.png,,false,0,,,"00000000",,Product,3,4,,2025-10-10 12:29:33.435,0,1,
16,2025-10-10 12:29:33.435,2025-10-17 16:25:48.007,"7896052604975",REFRIG ITUBAINA 350ML ORIG LT,10,2.79,"7896052604975",false,,images/product/16_NJWGY7K8K3Z4QBP6YVK5SUSH2VRQ547M.png,,false,0,,,"00000000",,Product,2,12,,2025-10-10 12:29:33.435,0,1,
17,2025-10-10 12:29:33.435,2025-10-17 16:26:12.507,"7896024761439",BISCOITO PIRAQUE LEITE MALTADO 132G,,4.45,"7896024761439",false,,images/product/17_BAMVJLJCS9ASD8SJYHYTFZP53GK8QA53.png,,false,0,,,,,Product,0,1,,2025-10-10 12:29:33.435,0,1,
19,2025-10-10 12:29:33.435,2025-10-17 16:26:42.691,"7898080642882",BEB LACT ITALAC 250ML C/WHEY CHOC TP,8,6.09,"7898080642882",false,,images/product/19_RM7C4WYLYUSKLUHLL3RKB3TJVST5SYTY.png,,false,0,,,"00000000",,Product,1,12,,2025-10-10 12:29:33.435,0,1,
20,2025-10-10 12:29:33.435,2025-10-17 16:26:56.400,"9002490280901",ENERG RED BULL 250ML SUGARFREE POMELO,3,1,"9002490280901",false,,images/product/20_HRU5YYP4XYXN5LP9TRLGS74UEZDZQBA4.png,,false,0,,,,,Product,0,1,,2025-10-10 12:29:33.435,0,1,
21,2025-10-10 12:29:33.435,2025-10-17 16:27:11.141,"7894900030013",FANTA LARANJA LATA 350ML,10,3.79,"7894900030013",false,,images/product/21_BQ759WF5KYTSMTNNW9CWXA6XL4ZLDJK2.png,,false,0,"0301100",,"22021000",0,Product,2,6,,2025-10-10 12:29:33.435,0,1,
1295,2026-03-13 21:23:09.542,2026-03-13 21:23:34.318,"7898080643155",BEB LACT ITALAC 250ML C/WHEY CAPPUCCINO TP,8,6.09,"7898080643155",false,,images/product/1295_FRFSFVWYJFZQ93DJHW4MR5LFG86RM92P.png,,false,0,,,,,Product,0,1,,,0,1,
29,2025-10-10 12:29:33.435,2025-10-17 16:29:07.254,"7898938890076",ENERGÉTICO MONSTER TRADICIONAL ZERO 473ML,3,8.99,"7898938890076",false,,images/product/29_LSCCYFUXS6TDF3VHG6MVSPLWENJDUGTM.png,,false,0,,,"00000000",,Product,2,6,,2025-10-10 12:29:33.435,0,1,
793,2025-12-11 16:35:20.316,2025-12-11 16:35:54.634,"7896336015565",PAÇOQUITA BIG,1,1.6,"7896336015565",false,,images/product/793_DZVZAZG49BJNTRT88LP6WFUA2XS7J4Y3.png,,false,0,,,,,Product,0,1,,2025-12-11 16:35:20.316,0,1,
18,2025-10-10 12:29:33.435,2025-12-26 13:16:45.925,"7892840822958",BATATA RUFFLES ELMA CHIPS CEBOLA E SALSA 33G	,4,4.79,"7892840822958",false,,images/product/18_EUN4HTNRQFZL9VAUGDS8G9MZX2YR5XXF.png,,false,0,,,"00000000",,Product,1,48,,2025-10-10 12:29:33.435,0,1,
2,2025-10-10 12:29:33.435,2026-02-12 11:37:03.796,"7891024134702",CREME DENTAL COLGATE MÁXIMA PROTEÇÃO ANTICÁRIES 90G,2,4.09,"7891024132005",false,,images/product/2_5NXAMUP6JB86P2VXU666VXKWYQTGG3QL.png,,false,0,,,"00000000",,Product,0,1,,2025-10-10 12:29:33.435,0,1,
34,2025-10-10 12:29:33.435,2026-03-02 13:06:15.727,"7896306625466",CHOC TRENTO 16X29G CARAM,9,2.29,"7896306625466",false,,images/product/34_SQVHKACUDHT5WWLJFJ6KAYC62TKLNTAL.png,,false,0,,,"00000000",,Product,1,16,,2025-10-10 12:29:33.435,5,16,
35,2025-10-10 12:29:33.435,2026-03-02 13:06:20.279,"7896306618291",TRENTO TORTA DE LIMÃO 32G,9,2.29,"7896306625374",false,,images/product/35_AYLMYGKP8PE6PUY72ELPN69YMPVDDAG8.png,,false,0,,,"00000000",,Product,1,16,,2025-10-10 12:29:33.435,5,16,
40,2025-10-10 12:29:33.435,2026-03-02 13:06:35.104,"7891000107836",CHOCOLATE SUFLAIR 50G,9,3.79,"7891000107836",false,,images/product/40_UZCYSP6CRL856E9BZQ3PMACV6Q9WE4DA.png,,false,0,,,"00000000",,Product,1,20,,2025-10-10 12:29:33.435,5,20,
133,2025-10-10 12:29:33.435,2026-03-02 13:12:55.158,"7896286619233",DROPS AZEDINHA MAST 15X35G MOR,1,1.19,"7896286619233",false,,images/product/133_U2WLZAG9WHQA68BDMN3QCH9DMYRKDN4G.png,,false,0,,,"00000000",,Product,1,15,,2025-10-10 12:29:33.435,1,15,
153,2025-10-10 12:29:33.435,2026-03-02 13:13:33.696,"7895144605685",MENTOS POWER KISS FRUIT 50 UNIDADES,1,10.69,"7895144605685",false,,images/product/153_53A4K83Q3FG8AAJ2Z6WNYBXQPAPUDYYM.png,,false,0,,,"00000000",,Product,1,12,,2025-10-10 12:29:33.435,1,12,
33,2025-10-10 12:29:33.435,2025-10-17 21:04:59.136,"7891991000727",GUARANA ANTARCTICA ZERO LATA 350ML,10,3.79,"7891991000727",false,,images/product/33_KT4KWXGKQKVJF7PVF6KSEPPX7PQ4ZUZM.png,,false,0,,,"00000000",,Product,2,12,,2025-10-10 12:29:33.435,0,1,
155,2025-10-10 12:29:33.435,2026-03-02 13:14:19.822,"7896306624391",CHOC TRENTO SPECIALE AVELA/DARK,9,2.91,"7896306624391",false,,images/product/155_6P4QQ3V8RYSV5KUZSDXG8FW79RAVERWC.png,,false,0,,,"00000000",,Product,1,12,,2025-10-10 12:29:33.435,1,12,
892,2026-01-06 16:53:05.871,2026-01-06 16:53:05.871,,Água,,2.50,,false,,,,false,0,,,,,ProductGroup,0,1,,2026-01-06 16:53:05.871,0,1,
11,2025-10-10 12:29:33.435,2026-01-15 17:05:17.756,"7898080643070",BEB LACT ITALAC 250ML C/WHEY BAT DOCE TP,8,6.09,"7898080643070",false,,images/product/11_APV8WW6XU4QBU7WAY4F5XJ7JVK6SWPG5.png,,false,0,,,"00000000",,Product,0,1,,2025-10-10 12:29:33.435,0,1,
162,2025-10-10 12:29:33.435,2026-03-02 13:14:26.758,"7895800430002",TRIDENT TUTTI FRUTT,1,2.09,"7895800430002",false,,images/product/162_DCQ8HGUKJLABWKZJ3YUX3BBSXPVDK6UZ.png,,false,0,,,"00000000",,Product,1,21,,2025-10-10 12:29:33.435,1,21,
172,2025-10-10 12:29:33.435,2026-03-02 13:15:07.856,"7896306625398",CHOC TRENTO 16X29G TORTA MACA,9,2.29,"7896306625398",false,,images/product/172_UR3ZM4C4PEZ4SWQBWKYM4MXD5XE5U97S.png,,false,0,,,"00000000",,Product,1,16,,2025-10-10 12:29:33.435,1,16,
182,2025-10-10 12:29:33.435,2026-03-02 13:15:27.419,"7895144603148",CONFEITO MENTOS C/16 RAINBOW,1,2.39,"7895144603148",false,,images/product/182_NZ9L3DUUMYD7LQKTWQBWLAYUDR7Y7SXT.png,,false,0,,,"00000000",,Product,1,16,,2025-10-10 12:29:33.435,1,16,
860,2025-12-26 14:03:30.468,2026-03-02 13:19:46.918,"7898591459511",FINI TUBES MORANGO E NATA,,2,"7898591459511",false,,images/product/860_9TESA36CSYFDRJ328AU4RJ5W7P9LMY9X.png,,false,0,,,,,Product,0,1,,2025-12-26 14:03:30.468,1,12,
926,2026-01-22 18:40:39.195,2026-01-22 18:40:39.195,"17896102503460",MAIONESE HEINZ 144X7G SACHE,15,0.01,"17896102503460",false,,,,false,0,,,,,Product,0,1,,2026-01-22 18:40:39.195,0,1,
38,2025-10-10 12:29:33.435,2026-03-02 13:06:27.655,_38_7895800400173,TRIDENT CANELA,1,2.09,"7895800400173",false,2026-04-10 19:16:47.839,images/product/38_CZVJR35G8PDTT8EXQS5PH2ZN23EYKF8R.png,,false,0,,,,,Product,0,1,,2025-10-10 12:29:33.435,5,21,
1296,2026-03-13 21:25:53.118,2026-03-13 21:26:53.216,"7622300862442",CHOCOLATE LACTA LAKA 20G,9,2.39,"7622300862442",false,,images/product/1296_J22EBV83H8WZDAYGVKMGSRS4BPF4EHJD.png,,false,0,,,,,Product,0,1,,,1,20,
69,2025-10-10 12:29:33.435,2025-10-17 21:20:22.441,"7891962053196",TORRADA BAUDUCCO INTEG 142g,6,4.59,"7891962053196",false,,images/product/69_DERWVVTWSZVVPYGS4QBXG6E4VPUKBGEU.png,,false,0,,,,,Product,0,1,,2025-10-10 12:29:33.435,0,1,
39,2025-10-10 12:29:33.435,2025-10-17 21:06:56.028,"7898938890090",ENERG MONSTER 473ML ULTRA PEACHY ZERO,3,8.99,"7898938890090",false,,images/product/39_X369NEADNZLAS4M897EPDMSYNXBCXS6R.png,,false,0,,,"00000000",,Product,2,6,,2025-10-10 12:29:33.435,0,1,
43,2025-10-10 12:29:33.435,2026-03-02 13:02:48.924,"7898591450600",GOMA FINI 12X15G DENTADURAS,1,0.69,"7898591450600",false,,images/product/43_CQ7LYQ4KGXD2FCX6D9BSADX5D8L6CZ7B.png,,false,0,,,"00000000",,Product,1,12,,2025-10-10 12:29:33.435,1,12,
53,2025-10-10 12:29:33.435,2026-03-02 13:07:10.878,"7622210564290",TRIDENT FRESH INTENSIVE X SENSE 8G,1,2.09,"7622210564290",false,,images/product/53_FLLTMMKMWPBMU9ZUHWWW7GUZ967RPN2K.png,,false,0,,,"00000000",,Product,1,21,,2025-10-10 12:29:33.435,5,21,
163,2025-10-10 12:29:33.435,2026-03-02 13:14:33.160,"7891000249239","WAFER KITKAT BRANCO 41,5G",9,3.79,"7891000249239",false,,images/product/163_3PMMRUFWFT3HLPUH3J9QKTY9X5Y3BVCW.png,,false,0,,,"00000000",,Product,1,24,,2025-10-10 12:29:33.435,1,24,
166,2025-10-10 12:29:33.435,2026-03-02 13:14:46.715,"7896262304306",CONFEITO MENTOS C/16 MINT,1,2.39,"7896262304306",false,,images/product/166_VRY4BWPH5UBNSNGQHBTL6DF2Z7XUB6T8.png,,false,0,,,"00000000",0,Product,1,16,,2025-10-10 12:29:33.435,1,16,
1297,2026-03-13 21:28:32.782,2026-03-13 21:29:21.092,"7622300862282",CHOCOLATE LACTA DIAMANTE NEGRO 20G,9,2.39,"7622300862282",false,,images/product/1297_Z2TBZFWV9K8GG5GKQFG75QATT5SHRFRQ.png,,false,0,,,,,Product,0,1,,,1,20,
42,2025-10-10 12:29:33.435,2025-10-17 21:07:47.661,"7622210592750",BISC RECH TRAKINAS CHOC 126g,6,2.99,"7622210592750",false,,images/product/42_XSKKE5J5FX53HWNQRWL99XXQ97CSFYZA.png,,false,0,,,"00000000",,Product,0,1,,2025-10-10 12:29:33.435,0,1,
44,2025-10-10 12:29:33.435,2025-10-17 21:08:28.153,"1220000250147",ENERGÉTICO MONSTER KHAOTIC 473ML	,3,8.99,"1220000250147",false,,images/product/44_T7BT5K3QMKW2W3GX5UB68R9AWM6KJSFT.png,,false,0,,,"00000000",,Product,2,6,,2025-10-10 12:29:33.435,0,1,
728,2025-12-10 13:14:11.789,2025-12-10 13:14:21.490,"7894900680522","REFRIGERANTE LEMON FRESH SPRITE GARRAFA 1,5L",15,0.01,"7894900680522",false,,images/product/728_MX3B2SSF8ASDTF3FCSSDH29EPSAP3ZYD.png,,false,0,,,,,Product,0,1,,2025-12-10 13:14:11.789,0,1,
46,2025-10-10 12:29:33.435,2025-10-17 21:08:56.689,"7891962053202",TORRADA BAUDUCCO MULT GRÃOS 142g,6,4.59,"7891962053202",false,,images/product/46_5EN69QFY6LSMWSBH5CSYQLXYB9ZWHQF8.png,,false,0,,,,,Product,0,1,,2025-10-10 12:29:33.435,0,1,
47,2025-10-10 12:29:33.435,2025-10-17 21:09:10.816,"7891991014908",REFRIG ANTARCTICA 200ML GUARANA PET,10,1.99,"7891991014908",false,,images/product/47_NBK5MS5PSYLWEP2X9434JMK4PR6MBTRN.png,,false,0,,,"00000000",,Product,2,12,,2025-10-10 12:29:33.435,0,1,
48,2025-10-10 12:29:33.435,2025-10-17 21:09:24.810,"7891098038333",CHA LEAO MATTE NAT 10 SAQ 16g,11,3.49,"7891098038333",false,,images/product/48_YZRNLJQCKPTHDKLJPCHTUB46HGWUB7D2.png,,false,0,,,"00000000",,Product,0,1,,2025-10-10 12:29:33.435,0,1,
50,2025-10-10 12:29:33.435,2025-10-17 21:09:54.657,"7622300830083",BISCOITO OREO 36G,6,1.4,"7622300830083",false,,images/product/50_ND6XQL2V4F5WAXZN3RXBVEX42R4HN4CJ.png,,false,0,,,"00000000",,Product,1,20,,2025-10-10 12:29:33.435,0,1,
52,2025-10-10 12:29:33.435,2025-10-17 21:10:09.752,"0070847022305",ENERGÉTICO MONSTER ABSOLUTELY ZERO 473ML,3,8.99,"0070847022305",false,,images/product/52_752TT5NS9FPFK78LHN4QGVCR9GF8ADHG.png,,false,0,,,"00000000",,Product,2,6,,2025-10-10 12:29:33.435,0,1,
54,2025-10-10 12:29:33.435,2025-10-17 21:11:18.252,"4005900036728",DESODORANTE ANTITRANSPIRANTE AEROSOL NIVEA MEN BLACK & WHITE INVISIBLE 48H 200ML,2,13.19,"4005900036728",false,,images/product/54_YM9HURBFLML5ZSSXX7M4ULXW7TSJX34F.png,,false,0,,,"00000000",,Product,0,1,,2025-10-10 12:29:33.435,0,1,
56,2025-10-10 12:29:33.435,2025-10-17 21:15:13.569,"4005900633293",DESOD AERO NIVEA F DRY CONFORT 200ml,2,13.99,"4005900633293",false,,images/product/56_LTG663AFVC88GKX2WGX236B3CYQU83U4.png,,false,0,,,,,Product,0,1,,2025-10-10 12:29:33.435,0,1,
55,2025-10-10 12:29:33.435,2025-10-17 21:11:49.586,"7891962051383",BOLO BAUNILHA RECHEIO CHOCOLATE BAUDUCCO DUO PACOTE 27G,7,1.5,"7891962051383",false,,images/product/55_FQ9JKGSYE8EG6ELKRNDJ9R79D4WKPVFN.png,,false,0,,,"00000000",,Product,1,15,,2025-10-10 12:29:33.435,0,1,
832,2025-12-19 13:08:28.708,2025-12-19 13:08:28.708,"7896635504036",TEMP. PQ OREGANO 100G CHILENA PC,15,0.01,"7896635504036",false,,,,false,0,,,,,Product,0,1,,2025-12-19 13:08:28.708,0,1,
57,2025-10-10 12:29:33.435,2026-03-02 13:07:36.564,"7622210933454",MINI OREO RECHEADA 35G,14,2.19,"7622210933454",false,,images/product/57_NSTSU3MCVFS6FWHVST7AD2MJPKCQ89JV.png,,false,0,,,"00000000",,Product,1,10,,2025-10-10 12:29:33.435,1,10,
167,2025-10-10 12:29:33.435,2026-03-02 13:15:02.225,"80052760",KINDER BUENO 43G,9,9.97,"80052760",false,,images/product/167_FZKWTU9DSCRN6EQM7GLNDTSUEUHLXSY4.webp,,false,0,"1705800",,"19053200",0,Product,1,30,,2025-10-10 12:29:33.435,1,30,
173,2025-10-10 12:29:33.435,2026-03-02 13:15:12.055,"78907355",MINI CHOCOLATE TALENTO MEIO AMARGO 25G,9,2.29,"78907355",false,,images/product/173_HW2LY639YN9YS6ZB3F3APLSXWT47TJ96.png,,false,0,,,"00000000",,Product,1,15,,2025-10-10 12:29:33.435,1,15,
174,2025-10-10 12:29:33.435,2026-03-02 13:15:17.935,"7898591450662",GOMA FINI 12X15G BEIJOS MOR,1,0.69,"7898591450662",false,,images/product/174_P36VQ6THD2P3E85JY3TTGQYDZ427XBMZ.png,,false,0,,,"00000000",,Product,1,12,,2025-10-10 12:29:33.435,1,12,
186,2025-10-10 12:29:33.435,2026-03-02 13:15:31.890,"7895144400341",MENTOS POWER KISS FROZEN 50 UNIDADES,1,9.49,"7895144400341",false,,images/product/186_2L9JE49XYV53TFKZLQ59CMKGS7E3Q8HF.png,,false,0,,,"00000000",,Product,1,12,,2025-10-10 12:29:33.435,1,12,
59,2025-10-10 12:29:33.435,2026-03-02 13:20:50.916,"7891962067346",BOLINHO BAUDUCCO CHOCOLATE COM BAUNILHA 40G,7,1.99,"7891962067346",false,,images/product/59_LRKRS4HP2H3YC9TCNKJM7FYQGVDLFPQT.png,,false,0,,,"00000000",,Product,0,1,,2025-10-10 12:29:33.435,1,16,
1298,2026-03-13 21:30:54.473,2026-03-13 21:31:32.231,"7891141032219",SUCO AURORA 275ML UVA INT C/GAS,10,7.99,"7891141032219",false,,images/product/1298_RLVNZLN5VSHGR395GXYG5PJNZYFTMATR.png,,false,0,,,,,Product,0,1,,,0,1,
60,2025-10-10 12:29:33.435,2025-10-17 21:17:08.609,"9002490247379",ENERGETICO RED BULL MELANCIA LT 250ML	,3,7.79,"9002490247379",false,,images/product/60_FS7U2E2BCTK4FN9ZY3PASWVRAEB22G43.png,,false,0,,,"00000000",,Product,3,4,,2025-10-10 12:29:33.435,0,1,
112,2025-10-10 12:29:33.435,2025-11-01 17:58:31.943,"78908901",COCA COLA 200ML,10,1.99,"78908901",false,,images/product/112_LECAYNUUQJS98NZDHYAYYTXN5YC2WSFC.png,,false,0,,,"00000000",,Product,2,12,,2025-10-10 12:29:33.435,0,1,
62,2025-10-10 12:29:33.435,2026-03-02 13:09:08.331,"78912366",CHOCOLATE BRANCO GAROTO BATON 16G,9,1.29,"78912366",false,,images/product/62_5GB5M86U5DQFJM8TRQYA7VTNBQM4PFZH.png,,false,0,,,"00000000",,Product,1,30,,2025-10-10 12:29:33.435,1,30,
1299,2026-03-13 21:38:33.418,2026-03-13 21:38:49.822,"7891000110829",BEBIDA LÁCTEA UHT CAFÉ COM CHOCOLATE NESCAFÉ FRASCO 270ML,68,8.19,"7891000110829",false,,images/product/1299_SGXQZPLGEXB9ZXFXE3DU75BFDRJKPUXS.png,,false,0,,,,,Product,0,1,,,0,1,
1301,2026-03-13 21:43:16.093,2026-03-13 21:44:16.878,"7891098041814",CHÁ PRETOAÇAÍ LEÃO GARRAFA 450ML,11,4.59,"7891098041814",false,,images/product/1301_VC444R49L4SVZL5X6VWVV2ZGCDXXHUXH.png,,false,0,,,,,Product,0,1,,,0,1,
61,2025-10-10 12:29:33.435,2025-10-17 21:18:13.570,"7898938890045",ENERGÉTICO MONSTER ULTRA PIPELINE PUNCH 473ML,3,8.99,"7898938890045",false,,images/product/61_Q47LCLMDFKTAYTSQT2UD295W8NYF2CWV.png,,false,0,,,"00000000",,Product,2,6,,2025-10-10 12:29:33.435,0,1,
826,2025-12-19 13:00:47.972,2025-12-19 13:02:02.835,"7898460935399",AZEITE EXTRA VIRGEM SELECT 500ml,15,0.01,"7898460935399",false,,images/product/826_CYXZBQY9BNKXVQX3M5YB537KVBH7NHDW.png,,false,0,,,,,Product,0,1,,2025-12-19 13:00:47.972,0,1,
64,2025-10-10 12:29:33.435,2025-10-17 21:18:55.667,"9002490229160",ENERGETICO RED BULL FRUTAS TROPICAIS LT 250ML	,3,7.79,"9002490229160",false,,images/product/64_CHCFCW4KTXR9LMVX4BJ2V3JKGXX53WR9.png,,false,0,,,"00000000",,Product,3,4,,2025-10-10 12:29:33.435,0,1,
66,2025-10-10 12:29:33.435,2026-03-02 13:09:13.376,"7896306625411",CHOC TRENTO 16X29G TRUFA,9,2.29,"7896306625411",false,,images/product/66_PL83PXGZYED7X83873VGN8ALAX3XXGB7.png,,false,0,,,"00000000",,Product,1,16,,2025-10-10 12:29:33.435,5,16,
106,2025-10-10 12:29:33.435,2026-03-02 13:11:39.879,"7896423420180",CHOCOLATE SNICKERS 45G,9,3.09,"7896423420180",false,,images/product/106_WW5UTST9S2NGRHBEWRXQMAA43VLZLHLJ.png,,false,0,,,"00000000",,Product,1,20,,2025-10-10 12:29:33.435,1,20,
45,2025-10-10 12:29:33.435,2026-03-02 13:20:45.026,"7891962074665",BOLINHO BAUDUCCO GOTAS DE CHOC 40g,7,1.99,"7891962074665",false,,images/product/45_GWTD33743MECPNQMRPJUSTNXG9AN5AGH.png,,false,0,,,"00000000",,Product,1,16,,2025-10-10 12:29:33.435,1,16,
827,2025-12-19 13:03:07.167,2025-12-19 13:03:31.742,"7891000359822",BEBIDA LÁCTEA UHT CHOCOLATE NESCAU CAIXA 180ML,68,2.79,"7891000359822",false,,images/product/827_Y22ZRQWKVS3PPJV2A8F932Q5NCN8TKC3.png,,false,0,,,,,Product,0,1,,2025-12-19 13:03:07.167,0,1,
70,2025-10-10 12:29:33.435,2025-10-17 21:20:36.534,_70_7891008121827,CHOCOLATE TALENTO AMÊNDOAS E PASSAS 85G,9,6.59,"7891008121827",false,2026-03-02 13:20:58.589,images/product/70_BRVV5VZU84VVFTQABCTPFBVWYSS35LS8.png,,false,0,,,"00000000",,Product,0,1,,2025-10-10 12:29:33.435,0,1,
1300,2026-03-13 21:39:44.682,2026-03-13 21:40:03.547,"7891000067048",BEBIDA LÁCTEA UHT CHOCOLATE ALPINO FRASCO 280ML,68,8.19,"7891000067048",false,,images/product/1300_8AAAF59TGMUA6FVPBLSP3TW8S9RYWQXJ.png,,false,0,,,,,Product,0,1,,,0,1,
67,2025-10-10 12:29:33.435,2025-10-17 21:19:48.891,"7891203010056",PÃO DE FORMA PANCO - 500G,12,12.06,"7891203010056",false,,images/product/67_QKD88RD4DX93CYVUPHE998XEBKSM7MCB.png,,false,0,,,,,Product,0,1,,2025-10-10 12:29:33.435,0,1,
68,2025-10-10 12:29:33.435,2025-10-17 21:20:05.817,"7500435134415",ESCOVA DE DENTE ORAL-B PRO COM 1 UNIDADE,2,3.29,"7500435134415",false,,images/product/68_TTQSPNVVTU5M5G9TU8VCY864CV5Z7QVL.png,,false,0,,,"00000000",,Product,0,1,,2025-10-10 12:29:33.435,0,1,
71,2025-10-10 12:29:33.435,2025-10-17 21:20:56.206,"7891000051436",BISCOITO LEITE PASSATEMPO PACOTE 150G,,3.09,"7891000051436",false,,images/product/71_CP4TW5R8G62EW2CZ9RLDL8KQGFN3GPRJ.png,,false,0,,,,,Product,0,1,,2025-10-10 12:29:33.435,0,1,
72,2025-10-10 12:29:33.435,2025-10-17 21:21:16.987,"7898598750062",CREME DE QUEIJO TRADICIONAL QUATÁ COPO 180G,,6.88,"7898598750062",false,,images/product/72_ZWQ8RV5R338C92PBS9ZWRNENKP2RM872.png,,false,0,,,,,Product,0,1,,2025-10-10 12:29:33.435,0,1,
63,2025-10-10 12:29:33.435,2025-11-07 01:19:59.714,"7894900530001",AGUA MINERAL NATURAL SEM GAS CRYSTAL GARRAFA 500ML,13,2.59,"7894900530001",false,,images/product/63_2CL33FAYCWVJTST3URDLAZ4RG2ZNZTQD.png,,false,0,,,"00000000",,Product,2,12,,2025-10-10 12:29:33.435,0,1,
696,2025-12-05 12:30:39.389,2025-12-05 12:30:45.677,"7622300989408",BISCOITO CHOCOLATE RECHEIO MILKSHAKE DE MORANGO OREO PACOTE 90G,6,3.79,"7622300989408",false,,images/product/696_MR4HDPME9LFHF5TVQQ3LNSPXQ6SPXB8N.png,,false,0,,,,,Product,0,1,,2025-12-05 12:30:39.389,0,1,
79,2025-10-10 12:29:33.435,2025-12-05 12:36:56.001,"7892840822286",SALGADINHO DE MILHO LUA PARMESÃO ELMA CHIPS CHEETOS PACOTE 35G,4,3.79,"7892840822286",false,,images/product/79_BDTX4EHA4EJYPW2T7ZRE8BD9YPQ6E26S.png,,false,0,,,,,Product,0,1,,2025-10-10 12:29:33.435,0,1,
729,2025-12-10 13:15:16.719,2025-12-10 13:15:26.670,"7898341430111",NÉCTAR LARANJA DEL VALLE CAIXA 1L,15,0.01,"7898341430111",false,,images/product/729_CMUHBZQY9AVJDEPCD7WCYKX58P8HTH7W.png,,false,0,,,,,Product,0,1,,2025-12-10 13:15:16.719,0,1,
75,2025-10-10 12:29:33.435,2025-12-19 13:14:51.275,"7896061300677",BISCOITO TUCS ORIGINAL - 100G,12,1.99,"7896061300677",false,,images/product/75_SVT8TALAKMLE82RNYSUWCUZ39WSCXEDT.png,,false,0,,,,,Product,0,1,,2025-10-10 12:29:33.435,0,1,
76,2025-10-10 12:29:33.435,2025-10-17 21:22:37.221,"7898938747547",BISCOITO DE POLVILHO,,3.67,"7898938747547",false,,images/product/76_9TUN6HJLF24K98TEV3NJSSCPD8TXX24U.png,,false,0,,,,,Product,0,1,,2025-10-10 12:29:33.435,0,1,
98,2025-10-10 12:29:33.435,2026-03-02 13:03:03.314,"7895800201503",TRIDENT MORANGO,1,2.09,"7895800201503",false,,images/product/98_62R82NUKJA8JK4SQCLY35354GL2ADLJ5.png,,false,0,,,"00000000",,Product,1,21,,2025-10-10 12:29:33.435,5,21,
82,2025-10-10 12:29:33.435,2026-03-02 13:09:46.945,"78938816",BALA HALLS EXTRA FORTE 28G,1,1.79,"78938816",false,,images/product/82_3GMP3HM3UNJZFZRRU54VB5KC4YHPZMDS.png,,false,0,,,"00000000",0,Product,0,1,,2025-10-10 12:29:33.435,1,21,
84,2025-10-10 12:29:33.435,2026-03-02 13:09:51.664,"78938861",BALA HALLS UVA VERDE,1,1.79,"78938861",false,,images/product/84_7ZF74G2R87DYT7MH5UTAU9RZZ2YVJQ6K.png,,false,0,,,"00000000",,Product,0,1,,2025-10-10 12:29:33.435,1,21,
93,2025-10-10 12:29:33.435,2026-03-02 13:10:00.020,"7896306612824",TRENTO CHOCOLATE E CREME 32G,9,2.29,"7896306612824",false,,images/product/93_2LBDFYJ7PM4D6KXKXC8ENSECG3QSX3BJ.png,,false,0,,,"19053200",,Product,0,1,,2025-10-10 12:29:33.435,1,16,
90,2025-10-10 12:29:33.435,2026-03-02 13:10:18.113,"78907478",MINI CHOCOLATE TALENTO CASTANHAS DO PARÁ 25G,9,2.29,"78907478",false,,images/product/90_QMJKPY4L6TTLSFXD9P74U6QV4D2HF93N.png,,false,0,,,"00000000",,Product,1,15,,2025-10-10 12:29:33.435,1,15,
861,2025-12-26 14:05:41.823,2026-03-02 13:19:50.315,"7898591457869",FINI TUBES AZEDINHOS TWISTER,,2,"7898591457869",false,,images/product/861_S5WGDSZYVNSUWRCGSVWX9UJJE8K63362.png,,false,0,,,,,Product,0,1,,2025-12-26 14:05:41.823,1,12,
87,2025-10-10 12:29:33.435,2026-03-02 13:21:07.219,"7896261402614",BARRA NUTS & JOY C/12 SEMENTES,8,2.99,"7896261402614",false,,images/product/87_9XYDFE78AJBLVV9C8FQXBYQBM68M2QJ4.png,,false,0,,,"00000000",,Product,1,12,,2025-10-10 12:29:33.435,1,12,
1302,2026-03-13 21:44:01.494,2026-03-13 21:44:46.718,"78924468",DESOD ROLLON DOVE ORIG 50ml,2,10.89,"78924468",false,,images/product/1302_MJXLYU5ZSMYZ9F84LFZ6G8LWQ4RMKYUN.png,,false,0,,,,,Product,0,1,,,0,1,
78,2025-10-10 12:29:33.435,2025-10-17 21:22:59.985,"",DESOD AERO NIVEA M DRY IMPACT 200ml,2,13.99,"4005900633309",false,,images/product/78_3GPV5S5NBJ8K5S62LA8MLQTQ5VWU9W79.png,,false,0,,,,,Product,0,1,,2025-10-10 12:29:33.435,0,1,
925,2026-01-22 18:39:33.580,2026-01-22 18:40:01.449,"7891098042316",CHA BRANCO LEAO 450ML LICHIA ZERO PET,11,4.59,"7891098042316",false,,images/product/925_AS4RMN6Q5K9BDQ9WFESQ5E3S68TTSNWV.png,,false,0,,,,,Product,0,1,,2026-01-22 18:39:33.580,0,1,
81,2025-10-10 12:29:33.435,2025-10-17 21:23:49.086,"7891098001504",CHA LEAO ERVA DOCE 10 SAQ 16g,11,3.49,"7891098001504",false,,images/product/81_2S5C8DG4ZNKTWVSK3MG5BPZJC54JNKFU.png,,false,0,,,"00000000",,Product,0,1,,2025-10-10 12:29:33.435,0,1,
83,2025-10-10 12:29:33.435,2025-10-17 21:24:22.034,"7891164007164", presunto aurora cozido s/ capa 180g,,7.3,"7891164007164",false,,images/product/83_W6W8C97C5F6GLBV45FVX8BCN4Q9V9YTR.png,,false,0,,,,,Product,0,1,,2025-10-10 12:29:33.435,0,1,
85,2025-10-10 12:29:33.435,2025-10-17 21:24:48.255,"7892840822811",SALGADINHO DE MILHO CEBOLA ELMA CHIPS CEBOLITOS 45G,4,4.69,"7892840822811",false,,images/product/85_65HHJFDZMK6SBPNZLKY7S3293T7ZJHN7.png,,false,0,,,"00000000",,Product,0,1,,2025-10-10 12:29:33.435,0,1,
86,2025-10-10 12:29:33.435,2025-10-17 21:25:06.086,"7891098000163",CHA LEAO CAMOMILA 10 SAQ 10g,11,3.49,"7891098000163",false,,images/product/86_Y4JFMWR6LGGUJ3W8FJ898DDE5QSQJK35.png,,false,0,,,"00000000",,Product,0,1,,2025-10-10 12:29:33.435,0,1,
88,2025-10-10 12:29:33.435,2025-10-17 21:25:38.483,"7891991000826",GUARANA ANTARCTICA LATA 350ML,10,3.79,"7891991000826",false,,images/product/88_BWUXCJ8BR6VEJFHESCFC5NLA7ENYFY4J.png,,false,0,,,"00000000",,Product,2,12,,2025-10-10 12:29:33.435,0,1,
89,2025-10-10 12:29:33.435,2025-10-17 21:25:56.568,"1220000250031",ENERGÉTICO MONSTER PACIFIC PUNCH 473ML	,3,8.99,"1220000250031",false,,images/product/89_JP39842CHM97F7DPJZP9HXMN8Q2FBU69.png,,false,0,,,"00000000",,Product,2,6,,2025-10-10 12:29:33.435,0,1,
91,2025-10-10 12:29:33.435,2025-11-01 18:08:13.283,"9002490275020",ENERG RED BULL 250ML SUGARFREE FR VERM,3,1,"9002490275020",false,,images/product/91_FZQHHX8TS5VV36NYNLTZG672ZV2TRBMA.png,,false,0,,,,,Product,0,1,,2025-10-10 12:29:33.435,0,1,
95,2025-10-10 12:29:33.435,2026-03-02 13:10:05.753,"7896423424140",TWIX 15G,9,1.79,"7896423424140",false,,images/product/95_4WAEK45KR5PJA3773UUTFEDUSJJSTEY4.png,,false,0,,,"00000000",,Product,1,30,,2025-10-10 12:29:33.435,1,30,
99,2025-10-10 12:29:33.435,2026-03-02 13:11:23.286,"7898591450709",GOMA FINI 12X15G MINHOCAS,1,0.69,"7898591450709",false,,images/product/99_R4ZBADREB99G75DZWT2KG5E2GXM5PJEV.png,,false,0,,,"00000000",,Product,1,12,,2025-10-10 12:29:33.435,1,12,
102,2025-10-10 12:29:33.435,2026-03-02 13:11:30.501,"7891962031170",BOLINHO BAUDUCCO DUPLO CHOCOLATE 40G,7,1.99,"7891962031170",false,,images/product/102_UCBK9WKDEFY5KYYEXEJM4MXBB96867QM.png,,false,0,,,"00000000",,Product,1,16,,2025-10-10 12:29:33.435,1,16,
103,2025-10-10 12:29:33.435,2026-03-02 13:11:35.962,"7896423445985",CHOCOLATE SNICKERS MORANGO 45G	,9,3.09,"7896423445985",false,,images/product/103_ZMBFLUKQADNJEMY9GCP5936QR8KYFB8H.png,,false,0,,,"00000000",,Product,1,20,,2025-10-10 12:29:33.435,1,20,
107,2025-10-10 12:29:33.435,2026-03-02 13:11:43.717,"7891962015620",BOLINHO DE MORANGO BAUDUCCO 40G,7,1.99,"7891962015620",false,,images/product/107_NCYQFS4DCPN32R3DBLYBL7ZAXRXXUVZD.png,,false,0,,,"00000000",,Product,1,16,,2025-10-10 12:29:33.435,1,16,
94,2025-10-10 12:29:33.435,2025-11-01 18:29:03.944,"7891962003894",BARRINHA DE GOIABA BAUDUCCO 30G,1,1.39,"7891962003894",false,,images/product/94_SWXCAK9JXGKKAPNYKNTUAZX6CH2BR9VS.png,,false,0,,,"00000000",,Product,0,1,,2025-10-10 12:29:33.435,0,1,
137,2025-10-10 12:29:33.435,2026-03-02 13:12:59.316,"7898591450624",GOMA FINI 12X15G URSINHO,1,0.69,"7898591450624",false,,images/product/137_KFVFRHLM7FKYEBNEQ6M2TTL7MUCZPA9Y.png,,false,0,,,"00000000",,Product,1,12,,2025-10-10 12:29:33.435,1,12,
380,2025-10-17 17:14:05.676,2026-03-02 13:22:18.228,"7896306624377",TRENTO MOCACCINO 32G,9,2.29,"7896306624377",false,,images/product/380_4Z28BNXDREC9VVGTEA6EY9LS3Y756X5U.png,,false,0,,,,,Product,0,1,,2025-10-17 17:14:05.676,1,16,
108,2025-10-10 12:29:33.435,2026-04-10 19:29:23.239,"78912359",CHOCOLATE AO LEITE GAROTO BATON 16G,9,1.29,"78912359",false,,images/product/108_X8C6LP4ZT3A58WVC9U2RDK3EYQ7RVA6W.png,,false,0,,,"00000000",,Product,1,30,,2025-10-10 12:29:33.435,1,30,
828,2025-12-19 13:04:20.099,2026-03-06 19:27:34.618,"7896691103198",BEB LACTEA LIQ CAROLINA SALADA DE FRUTAS 150g,68,2.19,"7896691103198",false,,images/product/828_ZNZZFMVSVVXK89NYSPSHJA4BVQBJA4M5.png,,false,0,,,,,Product,0,1,,2025-12-19 13:04:20.099,0,1,
1303,2026-03-13 21:45:07.033,2026-03-13 21:45:23.664,"78935068",DESOD ROLLON DOVE ROMA E VERBANA 50ml,2,10.89,"78935068",false,,images/product/1303_X68AQHW33NRALNKQDY7UNKUE8QCNXWTU.png,,false,0,,,,,Product,0,1,,,0,1,
97,2025-10-10 12:29:33.435,2025-11-01 18:30:33.445,"7891149200504",CERVEJA SKOL LATA 350ML ,16,3.59,"7891149200504",true,,images/product/97_VCRWPVSVSPA5TQK46Y79AT4LW5EZBNAV.png,,false,0,,,"00000000",,Product,2,12,,2025-10-10 12:29:33.435,0,1,
100,2025-10-10 12:29:33.435,2025-11-01 18:31:29.111,"7891079013106",CUP NOODLES YAKISSOBA TRADICIONAL 70g,5,6.59,"7891079013106",false,,images/product/100_XMQKS7TCATEWCX7YQE38BJ222RC9V2AV.png,,false,0,,,"00000000",,Product,0,1,,2025-10-10 12:29:33.435,0,1,
101,2025-10-10 12:29:33.435,2025-11-01 18:31:43.932,"7894900660319",SUCO DEL VALE NECTAR PÊSSEGO LATA 290ML	,17,4.59,"7894900660319",false,,images/product/101_Z5CZHZSNWCX6PEF4ZTKVSEP3N7WRRXQT.png,,false,0,,,"00000000",,Product,2,6,,2025-10-10 12:29:33.435,0,1,
92,2025-10-10 12:29:33.435,2025-11-21 19:50:00.872,"7894900180503",SCHWEPPES CITRUS ORIGINAL LATA 350ML,10,3.79,"7894900180503",false,,images/product/92_LL4C347HFVPR5GCGR68RH85P7Z4K5USD.png,,false,0,"0300700",,"22021000",0,Product,2,6,,2025-10-10 12:29:33.435,0,1,
105,2025-10-10 12:29:33.435,2025-11-07 01:24:42.032,"7894900660401",SUCO DEL VALLE NECTAR MANGA/MACA LATA 290ML,17,4.59,"7894900660401",false,,images/product/105_SUYX4FXTWJY9TWF36AECP5LCC4FQCGKD.png,,false,0,,,"00000000",,Product,2,6,,2025-10-10 12:29:33.435,0,1,
730,2025-12-10 13:16:01.744,2025-12-10 13:16:07.503,"7898341430098",NÉCTAR UVA DEL VALLE CAIXA 1L,15,0.01,"7898341430098",false,,images/product/730_TLV3WUVVAN79PNEXJGS2METP6Z52R66G.png,,false,0,,,,,Product,0,1,,2025-12-10 13:16:01.744,0,1,
412,2025-10-17 17:14:05.801,2025-12-03 16:24:38.815,"7892840822859",SALGADINHO FANDANGOS SABOR PRESUNTO 35G,4,2.18,"7892840822859",false,,images/product/412_P7UZMWG83RKBQ36B92CTMX46YTABK8JJ.png,,false,0,,,,,Product,0,1,,2025-10-17 17:14:05.801,0,1,
697,2025-12-05 12:31:29.110,2025-12-05 12:31:33.516,"7622300873554",BISCOITO CHOCOLATE RECHEIO CHOCOLATE OREO PACOTE 90G,6,3.79,"7622300873554",false,,images/product/697_RSLU2S9GNMSN6L38GLFV28S5MNGKXVDZ.png,,false,0,,,,,Product,0,1,,2025-12-05 12:31:29.110,0,1,
114,2025-10-10 12:29:33.435,2026-03-02 13:03:10.800,"7895800304211",TRIDENT HORTELA,1,2.09,"7895800304211",false,,images/product/114_BHAGQKXELWU4CBQDJBHCYT6CGS5BFMCD.png,,false,0,,,"00000000",,Product,1,21,,2025-10-10 12:29:33.435,5,21,
390,2025-10-17 17:14:05.715,2025-12-03 16:30:32.862,"123123",CARVÃO VEGETAL,15,0.01,"123123",false,,images/product/390_WE8T59FF9LKVYN96HWTLQF4AWEPWPMV3.png,,false,0,,,,,Product,0,1,,2025-10-17 17:14:05.715,0,1,
699,2025-12-05 12:33:58.913,2025-12-05 12:34:04.797,"7622210574671",SNACK ASSADO CROCANTE AMERICAN BARBECUE CLUB SOCIAL PACOTE 68G,4,5.99,"7622210574671",false,,images/product/699_UHJKPF3JH6L9QAHZDFV9DZ8TMCH9J6Q5.png,,false,0,,,,,Product,0,1,,2025-12-05 12:33:58.913,0,1,
862,2025-12-26 14:09:01.524,2026-03-02 13:19:53.274,"7898591459474",FINI TUBES AZEDINHOS TUTTI FRUTTI,,2,"7898591459474",false,,images/product/862_QUZUVV6BN7U5MM39QHZ589F58AT5JMYF.png,,false,0,,,,,Product,0,1,,2025-12-26 14:09:01.524,1,12,
863,2025-12-26 14:11:00.439,2026-03-02 13:19:56.626,"7898591459498",FINI TUBES AZEDINHOS TRÊS CORES,,2,"7898591459498",false,,images/product/863_YLFJYBWYE5VLAELXQAPRPB5QQUR94EED.png,,false,0,,,,,Product,0,1,,2025-12-26 14:11:00.439,1,12,
927,2026-01-22 18:40:56.949,2026-01-22 18:40:56.949,"17896102503453",KETCHUP HEINZ 144X7G SACHE,15,0.01,"17896102503453",false,,,,false,0,,,,,Product,0,1,,2026-01-22 18:40:56.949,0,1,
700,2025-12-05 12:34:29.814,2025-12-05 12:34:35.687,"7622210574657",SNACK DE TRIGO E BATATA ASSADO CROCANTE PIZZA MARGUERITA CLUB SOCIAL PACOTE 68G,4,5.99,"7622210574657",false,,images/product/700_V7VFWUBB5NWARJ2N936YHVV67G6XR8M9.png,,false,0,,,,,Product,0,1,,2025-12-05 12:34:29.814,0,1,
125,2025-10-10 12:29:33.435,2025-11-01 18:57:46.632,_125_7892840816636,CHEETOS REQUEIJÃO ONDA,,7.58,"7892840816636",false,2025-12-05 12:35:04.634,images/product/125_JDTW3AFJ3JP4BRRWDBV5UC8FRGGSRZ2B.png,,false,0,,,,,Product,0,1,,2025-10-10 12:29:33.435,0,1,
110,2025-10-10 12:29:33.435,2025-11-01 18:40:32.304,"7892840818258",OVINHOS AMENDOIM ELMA CHIPS 65G,4,3.99,"7892840818258",false,,images/product/110_664V4ZYGXREWE2ASRWMZV9CHPYNPKKGD.png,,false,0,,,"00000000",,Product,0,1,,2025-10-10 12:29:33.435,0,1,
111,2025-10-10 12:29:33.435,2025-11-01 18:41:20.243,"7891962077239",BISC COOKIES BAUDUCCO ORIGINAL 30g,6,2.29,"7891962077239",false,,images/product/111_FL966H6V5M3Z3ZBACGBPNYZAZCNN2JFK.png,,false,0,,,"00000000",,Product,0,1,,2025-10-10 12:29:33.435,0,1,
147,2025-10-10 12:29:33.435,2026-04-09 18:09:36.020,ABC-1234,TRENTO BRANCO-DARK 32G,9,2.29,"7896306625251",false,,images/product/147_UV2MMZVUCRK6KMRXLPRH43HXWMW8YFGV.png,,false,0,,,"19053200",,Product,1,16,,2025-10-10 12:29:33.435,1,16,
116,2025-10-10 12:29:33.435,2025-11-01 18:44:27.479,"7896005805107",CÁPSULA CAFÉ EXPRESSO TRÊS CORAÇÕES,18,2.4,"7896005805107",false,,images/product/116_FX6GUHGDB2BX7STK432XQ5HFMN59783U.png,,false,0,,,"00000000",,Product,1,10,,2025-10-10 12:29:33.435,0,1,
120,2025-10-10 12:29:33.435,2025-11-01 18:46:17.119,"7898080642912",BEB LACT ITALAC 250ML C/WHEY FR VERM TP,8,6.09,"7898080642912",false,,images/product/120_PL6P72GVVSVBCYEENXVRQVG3LDS2DJXE.png,,false,0,,,"00000000",,Product,0,1,,2025-10-10 12:29:33.435,0,1,
127,2025-10-10 12:29:33.435,2025-11-01 18:58:04.258,"7891962069920",PÃO HAMBURGUER,,7.76,"7891962069920",false,,images/product/127_5DSG3R2QGX3E2NM7EPYG26NDFYXMR6YX.png,,false,0,,,,,Product,0,1,,2025-10-10 12:29:33.435,0,1,
136,2025-10-10 12:29:33.435,2025-11-01 18:58:23.513,"7891515433703", Peito de peru fatiado defumado sadia .,,17.29,"7891515433703",false,,images/product/136_ASBCMXTJ3T6CX3JKHLZ6K5A7LNG32R99.png,,false,0,,,,,Product,0,1,,2025-10-10 12:29:33.435,0,1,
141,2025-10-10 12:29:33.435,2025-11-24 16:56:49.717,"7898938890113",ENERG MONSTER ULTRA MANGO ZERO 473ml,3,8.99,"7898938890113",false,,images/product/141_PXPTFMY5BJZXAZ6EUZD2YBXPNKT52QVX.png,,false,0,,,"00000000",,Product,3,6,,2025-10-10 12:29:33.435,0,1,
410,2025-10-17 17:14:05.794,2025-12-05 12:37:10.063,"7892840822309",SALGADINHO DE MILHO ONDA REQUEIJÃO ELMA CHIPS CHEETOS PACOTE 40G,4,3.79,"7892840822309",false,,images/product/410_GM64VFS2K96AW574CDMWV3LX9V47K2AG.png,,false,0,,,,,Product,0,1,,2025-10-17 17:14:05.794,0,1,
197,2025-10-10 12:29:33.435,2025-12-05 13:11:16.224,"7892840823382",BATATA LAYS SAL E VINAGRE 70G ,4,10.59,"7892840823382",false,,images/product/197_MC776944NEQNS7RTQDV2JZ9WFE3ZT6KM.png,,false,0,,,"00000000",,Product,0,1,,2025-10-10 12:29:33.435,0,1,
145,2025-10-10 12:29:33.435,2025-12-02 17:22:58.787,"7896004006239",BATATA PRINGLES CREME E CEBOLA 120G,4,11.89,"7896004006239",false,,images/product/145_M8GYHXB4GRDRTNQ7U7E3PDQNN6QBEP87.png,,false,0,,,"00000000",,Product,1,18,,2025-10-10 12:29:33.435,0,1,
698,2025-12-05 12:31:57.653,2025-12-05 12:32:02.779,"7622300830151",BISCOITO ORIGINAL BATMAN OREO PACOTE 90G,6,3.79,"7622300830151",false,,images/product/698_RTR76RUCFXLQLF94JBT2EQ6DQA5GW4KX.png,,false,0,,,,,Product,0,1,,2025-12-05 12:31:57.653,0,1,
829,2025-12-19 13:05:34.150,2025-12-19 13:05:39.465,"7896061301872",BISCOITO DIN CRACKERS SALAME TUCS PACOTE 100G,6,1.69,"7896061301872",false,,images/product/829_86KWHBJVKDFMA6V2KM8M773HA7BJ4P24.png,,false,0,,,,,Product,0,1,,2025-12-19 13:05:34.150,0,1,
732,2025-12-10 13:19:37.424,2025-12-10 13:19:43.268,"7898938890120",BEB ENERGY MONSTER RIO PUNCH LT 473ML,3,8.99,"7898938890120",false,,images/product/732_GZE48JN3TLFPECQ2JBX7NLKDYG9FVS75.png,,false,0,,,,,Product,0,1,,2025-12-10 13:19:37.424,0,1,
150,2025-10-10 12:29:33.435,2025-11-01 17:58:01.023,"7894900091007",FANTA MARACUJA LATA 350ML,10,3.79,"7894900091007",false,,images/product/150_D8F3QJK9K5PBH4J3KJMLELGWYH5VHJA6.png,,false,0,,,"00000000",,Product,2,6,,2025-10-10 12:29:33.435,0,1,
171,2025-10-10 12:29:33.435,2025-11-01 18:58:36.509,"7892840822965",SALGAD ELMA CHIPS RUFFLES CHURRASCO 33g,4,4.79,"7892840822965",false,,images/product/171_VK99GCG7BXT57J4LJ2HS3T7MAXS9MEET.png,,false,0,,,"00000000",,Product,0,1,,2025-10-10 12:29:33.435,0,1,
859,2025-12-26 13:58:50.572,2026-03-02 13:19:31.938,"7896306625909",CHOCOLATE TRENTO PISTACHE 29G,9,2.29,"7896306625909",false,,images/product/859_Z8QAAN2VA32BV4ULTJV5NKF38MMTMAWS.png,,false,0,,,,,Product,0,1,,2025-12-26 13:58:50.572,1,16,
13,2025-10-10 12:29:33.435,2026-03-02 13:05:16.338,"7622300988470",CHOCOLATE LACTA BIS XTRA MAIS CHOCOLATE 45G,1,2.97,"7622300988470",false,,images/product/13_6XAZ3LHPG2UA5KC8TDVVRDCLTE4H6E6A.png,,false,0,"1705800",,"19053200",0,Product,1,24,,2025-10-10 12:29:33.435,5,24,
1,2025-10-10 12:29:33.435,2026-02-03 17:09:27.271,"7896336006624",PAÇOQUITA 18G SANTA HELENA,1,0.69,"7896336006624",false,,images/product/1_75KCUHTNZBHZPQL5EBF6TFFXWVH8UMGM.jpeg,,false,0,,,"00000000",,Product,1,6,,2025-10-10 12:29:33.435,0,1,
158,2025-10-10 12:29:33.435,2025-11-07 01:14:09.124,"7894321722016",BEBIDA LÁCTEA UHT CHOCOLATE TODDYNHO CAIXA 200ML,19,2.99,"7894321722016",false,,images/product/158_79J3VGHNVTASYM8NKJ6KRRMH7XNMKRZV.png,,false,0,"1703100",,"19059090",0,Product,1,27,,2025-10-10 12:29:33.435,0,1,
161,2025-10-10 12:29:33.435,2025-11-24 16:50:49.480,"0070847033929",ENERGÉTICO MONSTER ULTRA VIOLET 473ML,3,8.99,"70847033929",false,,images/product/161_WULBALQRMPMCVNSMMVW7Q3LM3YBGMHTA.png,,false,0,,,"00000000",,Product,2,6,,2025-10-10 12:29:33.435,0,1,
168,2025-10-10 12:29:33.435,2025-11-24 16:55:19.747,"0070847022206",ENERGÉTICO MONSTER ULTRA 473ML,3,8.99,"070847022206",false,,images/product/168_LJ9QKG7PEQVZMMSQUFFEZQEB3XPM5L2V.png,,false,0,,,"00000000",,Product,2,6,,2025-10-10 12:29:33.435,0,1,
198,2025-10-10 12:29:33.435,2025-12-15 04:28:54.269,"1234567898999",Agrupamento - Amendoim,,,,false,,,,false,0,,,,,ProductGroup,0,1,,2025-10-10 12:29:33.435,0,1,
701,2025-12-05 12:40:10.032,2025-12-05 12:40:18.076,"7891098040688",CHÁ MATE ORIGINAL MATTE LEÃO GARRAFA 450ML,11,4.59,"7891098040688",false,,images/product/701_7NH5BN4B5MA4FCNNBG5EL5WTCK9RSUA2.png,,false,0,,,,,Product,0,1,,2025-12-05 12:40:10.032,0,1,
703,2025-12-05 12:41:23.352,2025-12-05 12:41:28.813,"7894900060010",REFRIGERANTE LIMÃO SEM AÇÚCARES SPRITE LATA 350ML,10,3.79,"7894900060010",false,,images/product/703_3VK57KTPNLSXVG7GK7YSA3ZRUQU7A3BZ.png,,false,0,,,,,Product,0,1,,2025-12-05 12:41:23.352,0,1,
830,2025-12-19 13:06:00.415,2025-12-19 13:06:03.683,"7896061301865",BISCOITO DIN CRACKERS PIZZA TUCS PACOTE 100G,6,1.69,"7896061301865",false,,images/product/830_RLUX5Q22SFANDPMP9DV3RHGDU9Q72JYY.png,,false,0,,,,,Product,0,1,,2025-12-19 13:06:00.415,0,1,
831,2025-12-19 13:06:33.927,2025-12-19 13:07:59.936,"7898497682761",OLEO SOJA SELECT 900ML,15,0.01,"7898497682761",false,,images/product/831_SR6T9MVTM439A6BNZRLGP2UNK795AKJ2.png,,false,0,,,,,Product,0,1,,2025-12-19 13:06:33.927,0,1,
199,2025-10-10 12:29:33.435,2025-10-10 12:29:33.435,"1234",Azedinhos,1,1,,false,,images/product/4060_WTMRQ5NCGVVWVLMA3FSGFHKP43UGY7EY.png,,false,0,,,,,ProductGroup,0,1,,2025-10-10 12:29:33.435,0,1,
234,2025-10-15 20:39:45.596,2025-10-15 20:39:55.067,"7891999144461",REQUEIJÃO VIGOR LIGHT,12,7,"7891999144461",false,,images/product/234_AYFEMDHTV25BHAWV6C3QYMJQTZTC3JUK.png,,false,0,,,,,Product,0,1,,2025-10-15 20:39:45.596,0,1,
156,2025-10-10 12:29:33.435,2025-12-03 16:10:42.528,"4005900036667",DESODORANTE ANTITRANSPIRANTE AEROSOL NIVEA INVISIBLE BLACK & WHITE CLEAR FEMININO 48H 200ML,2,13.19,"4005900036667",false,,images/product/156_ZURZ92FX2HWYGSNAD6PRZV7YN8VUTUR7.png,,false,0,,,"00000000",,Product,0,1,,2025-10-10 12:29:33.435,0,1,
265,2025-10-16 14:18:50.801,2025-10-16 14:19:13.160,"7899941206281",BARRINHA DE PROTEÍNAS MAX - FRUTAS VERMELHAS 44G,,7.99,"7899941206281",false,,images/product/265_GBX8LUEXKF8DXZKR23HKM8R83AE5K2AG.png,,false,0,,,,,Product,0,1,,2025-10-16 14:18:50.801,0,1,
237,2025-10-15 20:44:33.618,2025-10-15 20:45:08.045,"4006000010311",DESODORANTE NIVEA MAN ,2,14,"4006000010311",false,,images/product/237_K84KJBCCJSQSL74WF5T65KZQLH3S4K9W.png,,false,0,,,,,Product,0,1,,2025-10-15 20:44:33.618,0,1,
266,2025-10-16 14:21:28.288,2025-10-16 14:32:30.959,"7899941202337",BARRINHA DE PROTEÍNAS MAX - NAPOLITANO 41G,,7.99,"7899941202337",false,,images/product/266_5V6HLXR49A697DSET9X36VNRWX6U5E58.png,,false,0,,,,,Product,0,1,,2025-10-16 14:21:28.288,0,1,
238,2025-10-15 20:46:52.960,2025-10-15 20:47:22.699,"7896336012250",GRELHADITOS SANTA HELENA,4,0.7,"7896336012250",false,,images/product/238_JCSWAPKRJ25SCQ996GX7UDG5YG24UNGP.png,,false,0,,,,,Product,0,1,,2025-10-15 20:46:52.960,0,1,
298,2025-10-17 14:06:57.650,2026-03-02 13:21:28.157,"7896423488876",CHOC SNICKERS WHITE,9,6.99,"7896423488876",false,,images/product/298_ZUUCT3F32VUMDBBLZ6WHZHX23J4CVCC9.png,,false,0,,,,,Product,0,1,,2025-10-17 14:06:57.650,1,20,
30,2025-10-10 12:29:33.435,2025-10-16 16:35:30.993,"7898416780011",BISCOTIO DE POLVILHO CASSINI - 40G,12,3.43,"7898416780011",false,,images/product/30_FR34UD4FFD4FZGZ5U2AWFFVSJVSPHZDU.jpeg,,false,0,,,,,Product,0,1,,2025-10-10 12:29:33.435,0,1,
104,2025-10-10 12:29:33.435,2025-10-17 12:58:08.717,"7894900700015",COCA COLA ZERO LATA 350ML,10,3.79,"7894900700015",false,,images/product/104_ZZCATT445MF4K7CBR2GB6GWWBJE92GRJ.png,,false,0,,,"22021000",0,Product,2,12,,2025-10-10 12:29:33.435,0,1,
152,2025-10-10 12:29:33.435,2025-10-17 12:58:29.430,"7894900010015",COCA COLA LATA 350ML,10,3.79,"7894900010015",false,,images/product/152_LF6W6X562HUH7YEU9UKRC2YED6VA29VB.jpeg,,false,0,"0000000",,"00000000",0,Product,2,12,,2025-10-10 12:29:33.435,0,1,
51,2025-10-10 12:29:33.435,2025-10-17 13:49:55.998,"7896336005917",PACOCA PACOQUITA 15G,1,1.05,"7896336005917",false,,images/product/51_47U6QXC8QMNUQ369WNZCC4237THP46NB.png,,false,0,,,"00000000",,Product,3,50,,2025-10-10 12:29:33.435,0,1,
300,2025-10-17 14:08:30.401,2025-10-17 16:19:12.139,"7892840822798",SALGAD ELMA CHIPS BACONZITOS 42g,4,4.69,"7892840822798",false,,images/product/300_G52DEL44E7SQ6BCVNK4BLDW4MZGFY62R.png,,false,0,,,,,Product,0,1,,2025-10-17 14:08:30.401,0,1,
394,2025-10-17 17:14:05.724,2025-10-17 17:14:05.724,_394_7894900660364,NECTAR DEL VALLE 1L ABACAXI/MACA TP,15,5.59,"7894900660364",false,2025-11-07 01:26:26.531,,,false,0,"",,"",,Product,0,1,,2025-10-17 17:14:05.724,0,1,
25,2025-10-10 12:29:33.435,2025-10-17 16:28:08.691,"7622210573933",BISC RECH TRAKINAS LIMAO 126g,6,2.99,"7622210573933",false,,images/product/25_HLA6TLGB92L5WYBADBYYFUE2D3PFB8DS.png,,false,0,,,"00000000",,Product,0,1,,2025-10-10 12:29:33.435,0,1,
27,2025-10-10 12:29:33.435,2025-10-17 16:28:38.013,"7891098000156",CHA LEAO ERVA CIDREIRA 10 SAQ 10g,11,3.49,"7891098000156",false,,images/product/27_ZNDQNKKHQN83BMLXY8TCRLLJ94NEC6U2.png,,false,0,,,"00000000",,Product,0,1,,2025-10-10 12:29:33.435,0,1,
702,2025-12-05 12:40:40.696,2025-12-05 12:40:44.917,"7891098041913",CHÁ VERDE LIMÃO LEÃO GARRAFA 450ML,11,4.59,"7891098041913",false,,images/product/702_62B4LT24UD6JPMJHKTZZEDTRSD9HUDC4.png,,false,0,,,,,Product,0,1,,2025-12-05 12:40:40.696,0,1,
232,2025-10-15 20:35:12.238,2026-03-02 13:15:57.771,"7891000248829","WAFER KITKAT DARK 41,5G",1,3.79,"7891000248829",false,,images/product/232_R3JJYVQX9TQ3SGHMWYGFQH8D8MR6WK6Y.png,,false,0,,,,,Product,0,1,,2025-10-15 20:35:12.238,1,24,
233,2025-10-15 20:37:35.871,2026-03-02 13:16:44.036,"7898142865037",TORTUGUITA AERADO,1,2.29,"7898142865037",false,,images/product/233_MTJ64LLB4H4FCYXV7PUJNAY5SB5SGTCY.png,,false,0,,,,,Product,0,1,,2025-10-15 20:37:35.871,1,20,
235,2025-10-15 20:41:33.461,2026-03-02 13:17:04.120,"78945456",TIC TAC DE LARANJA,1,2.4,"78945456",false,,images/product/235_Z22MHXLXUCED5SUN2LLWQ9UXDUVJ4AG4.png,,false,0,,,,,Product,0,1,,2025-10-15 20:41:33.461,1,14,
236,2025-10-15 20:42:54.838,2026-03-02 13:17:12.791,"78945449",TIC TAC MENTA,1,2.4,"78945449",false,,images/product/236_MRZSHP468PBD726C26Y9BBEFJTXCGAQU.png,,false,0,,,,,Product,0,1,,2025-10-15 20:42:54.838,1,14,
332,2025-10-17 16:11:07.733,2026-03-02 13:17:31.762,"7896423470994",TWIX 40G,9,4.49,"7896423470994",false,,images/product/332_U66J27TNZR6P56A598CLLFXCHTFV6ABC.png,,false,0,,,,,Product,0,1,,2025-10-17 16:11:07.733,1,30,
4,2025-10-10 12:29:33.435,2026-01-15 17:04:54.275,"7891515437015",SALAME SALAMITOS SADIA 36G,4,4.49,"7891515437015",false,,images/product/4_EDTNL2MJNXMCTQHJYZ4R373J8K936KXS.png,,false,0,,,"00000000",,Product,2,13,,2025-10-10 12:29:33.435,0,1,
833,2025-12-19 13:09:10.881,2025-12-19 13:16:50.483,"7892840823429",BATATA FRITA LISA FRANGO GRELHADO LAYS SENSAÇÕES PREMIUM PACOTE 70G,4,10.59,"7892840823429",false,,images/product/833_GYW5DFFMUBG9P7KPYD4GAATKKN8N7VK3.png,,false,0,,,,,Product,0,1,,2025-12-19 13:09:10.881,0,1,
834,2025-12-19 13:09:33.307,2025-12-19 13:16:54.150,"7892840823443",BATATA FRITA LISA PEITO DE PERU LAYS SENSAÇÕES PREMIUM PACOTE 70G,4,10.59,"7892840823443",false,,images/product/834_74BXKFDVSS2ZJJUM4ECZAWW8NAVUMU48.png,,false,0,,,,,Product,0,1,,2025-12-19 13:09:33.307,0,1,
299,2025-10-17 14:07:57.591,2025-11-04 13:04:05.707,"7891515549527",SALAME SALAMITOS SADIA SWEET CHILI 36G,4,0.01,"7891515549527",false,,images/product/299_PEWDAU8P3M6MMZGWCWVYWXDP7K48X42D.png,,false,0,,,,,Product,0,1,,2025-10-17 14:07:57.591,0,1,
364,2025-10-17 17:14:05.629,2025-11-01 18:59:26.497,"7622210569585",BOLACHA TRAKINAS DE CHOCOLATE 42G,6,1.25,"7622210569585",false,,images/product/364_JQ9VLXB5TQW6E7PV8NC8WJNG9SL2UH3T.png,,false,0,,,,,Product,0,1,,2025-10-17 17:14:05.629,0,1,
374,2025-10-17 17:14:05.661,2025-11-01 19:01:44.388,"7896306621680",CHOC TRENTO BITES 12X40G BCO/DARK,9,3.39,"7896306621680",false,,images/product/374_VZFHAKQGCGW7YFPFHYC2WS6T9T8TB66E.png,,false,0,,,,,Product,0,1,,2025-10-17 17:14:05.661,0,1,
395,2025-10-17 17:14:05.727,2025-10-17 17:14:05.727,_395_7898341430111,NECTAR DEL VALLE 1L LARANJA TP,15,5.59,"7898341430111",false,2025-11-07 01:26:28.647,,,false,0,"",,"",,Product,0,1,,2025-10-17 17:14:05.727,0,1,
398,2025-10-17 17:14:05.733,2025-10-17 17:14:05.733,_398_7898341430098,NECTAR DEL VALLE 1L UVA TP,15,5.59,"7898341430098",false,2025-11-07 01:26:30.481,,,false,0,"",,"",,Product,0,1,,2025-10-17 17:14:05.733,0,1,
397,2025-10-17 17:14:05.731,2025-10-17 17:14:05.731,_397_7898341430036,NECTAR DEL VALLE 1L PESSEGO TP,15,6.99,"7898341430036",false,2025-11-07 01:26:32.066,,,false,0,"",,"",,Product,0,1,,2025-10-17 17:14:05.731,0,1,
396,2025-10-17 17:14:05.729,2025-10-17 17:14:05.729,_396_7898341430074,NECTAR DEL VALLE 1L MAR TP,15,0.01,"7898341430074",false,2025-11-07 01:26:33.692,,,false,0,"",,"",,Product,0,1,,2025-10-17 17:14:05.729,0,1,
31,2025-10-10 12:29:33.435,2025-10-17 21:04:17.541,"7894900680508",REFRIG SPRITE 510ML LIMAO PET,10,3.49,"7894900680508",false,,images/product/31_L38UURLYEYTWBEVATR95P8ST39MRHDFP.png,,false,0,,,"00000000",,Product,2,6,,2025-10-10 12:29:33.435,0,1,
32,2025-10-10 12:29:33.435,2025-10-17 21:04:41.768,"7622210592781",BISC RECH TRAKINAS MOR 126g,6,2.99,"7622210592781",false,,images/product/32_EMXNL4SK3WMQWTT5LMZP8V4SJCHJYZZD.png,,false,0,,,"00000000",,Product,0,1,,2025-10-10 12:29:33.435,0,1,
36,2025-10-10 12:29:33.435,2025-10-17 21:06:06.978,"7894900681017",SPRITE LIMAO LATA 350ML,10,3.79,"7894900681017",false,,images/product/36_7R44H5ZCYASJDMXLFS8X2CMWW4A42P2X.png,,false,0,,,"00000000",,Product,2,6,,2025-10-10 12:29:33.435,0,1,
368,2025-10-17 17:14:05.649,2026-03-02 13:21:40.846,"7622210534576",CHOC LACTA BIS XTRA BRANCO 45g,1,2.97,"7622210534576",false,,images/product/368_MQ39DULZS2FE749CV4UYXUAQQ8UZ9ABT.png,,false,0,,,,,Product,0,1,,2025-10-17 17:14:05.649,1,24,
372,2025-10-17 17:14:05.657,2026-03-02 13:22:00.553,"7622210564337",TRIDENT FRESH CEREJA X SENSE 8G,1,2.09,"7622210564337",false,,images/product/372_TCJTQVWUHC42Y77UHTWVQZWNFEC3R97E.png,,false,0,,,,,Product,0,1,,2025-10-17 17:14:05.657,1,21,
160,2025-10-10 12:29:33.435,2025-12-03 16:11:12.944,"7898080642899",BEB LACT ITALAC 250ML C/WHEY BAN TP,8,6.09,"7898080642899",false,,images/product/160_F4NG6XGS4NWVVYJTHF9LRKP5QU84KBZ3.png,,false,0,,,"00000000",,Product,1,12,,2025-10-10 12:29:33.435,0,1,
73,2025-10-10 12:29:33.435,2025-10-17 21:21:33.959,"7896114101619","7896114101619 - queijo ipanema mussarela 150g",,7.29,"7896114101619",false,,images/product/73_BLRASXH4WGVZ9ET3LLWLV34WYPTMWTCW.png,,false,0,,,,,Product,0,1,,2025-10-10 12:29:33.435,0,1,
74,2025-10-10 12:29:33.435,2025-10-17 21:21:51.409,"7899970402456",CREME IOIO MIX DUO,9,2.39,"7899970402456",false,,images/product/74_KB328K44C95AA9YJYRVDXV4QQ452MBUS.png,,false,0,,,"00000000",,Product,0,1,,2025-10-10 12:29:33.435,0,1,
80,2025-10-10 12:29:33.435,2025-10-17 21:23:36.806,"7894900050011",FANTA UVA LATA 350ML,10,3.79,"7894900050011",false,,images/product/80_A3GE3B7MC6WN7V6M8GU48AFKEDF2X79B.png,,false,0,"0301100",,"22021000",0,Product,2,6,,2025-10-10 12:29:33.435,0,1,
562,2025-11-05 21:01:29.106,2025-11-05 21:01:59.221,"7896045506934",CERVEJA LAGER PURO MALTE AMSTEL LATA 350ML,16,4.69,"7896045506934",true,,images/product/562_GTBGTSF4GU6D57JAN864QFC5WUTKG9QB.png,,false,0,,,,,Product,0,1,,2025-11-05 21:01:29.106,0,1,
432,2025-10-23 16:40:44.500,2025-10-23 16:41:17.358,"7898416780028",BISCOITO DE POLVILHO 100G,,4,"7898416780028",false,,images/product/432_E6YP7PUJ55EZHKC3LMVBSCNXGAQ9CUDG.png,,false,0,,,,,Product,0,1,,2025-10-23 16:40:44.500,0,1,
333,2025-10-17 16:13:53.418,2026-04-10 18:41:00.503,"9002490283063",ENERGETICO RED BULL ZERO LT 250ML	,3,8.99,"9002490283063",false,,images/product/333_XVFJ7FYZWTLXCNC42VRTBR4TND8F8NR5.png,,false,0,,,,,Product,1,4,,2025-10-17 16:13:53.418,0,1,
433,2025-10-23 16:49:36.957,2025-10-23 16:58:08.546,"7896336007829",PAÇOQUITA 18G SANTA HELENA,,1.6,"7896336007829",false,,images/product/433_E9ZDDZV6X6QTUCYG9QUPCQ6S62GGMHZ9.png,,false,0,,,,,Product,0,1,,2025-10-23 16:49:36.957,0,1,
496,2025-10-30 20:15:53.904,2025-12-29 19:35:37.852,"78939318",BOMBOM OURO BRANCO 20G,1,1.1,"78939318",false,,images/product/496_LKBR7TM6NF89CP7PLXQ7MHGWYJ3ZQ9ZR.png,,false,0,,,,,Product,3,50,,2025-10-30 20:15:53.904,0,1,
403,2025-10-17 17:14:05.758,2025-11-01 17:56:21.954,"7894900027013",REFRIGERANTE COCA-COLA GARRAFA 2L,15,7.99,"7894900027013",false,,images/product/403_3E7HM8XA24S7HC4RKX4LX2MXMHV866CC.png,,false,0,,,,,Product,0,1,,2025-10-17 17:14:05.758,0,1,
165,2025-10-10 12:29:33.435,2025-12-03 16:12:17.671,"7896045506910",CERVEJA HEINEKEN ZERO 350ML LATA	,16,5.39,"7896045506910",true,,images/product/165_F5E2B7N752RKJKQGVDSED6QJJ67U2XF3.png,,false,0,,,"00000000",,Product,2,12,,2025-10-10 12:29:33.435,0,1,
115,2025-10-10 12:29:33.435,2025-11-01 18:43:26.252,"611269991000",ENERGETICO RED BULL LT 250ML,3,6.89,"611269991000",false,,images/product/115_K3ZUHJGP7U8HSQREPZLMFVSHKP4NN3D3.png,,false,0,,,"22029900",0,Product,3,4,,2025-10-10 12:29:33.435,0,1,
365,2025-10-17 17:14:05.643,2025-11-01 18:59:38.880,"7622210569608",BOLACHA TRAKINAS DE MORANGO 42G,6,1.25,"7622210569608",false,,images/product/365_PSX49P8E2U6G9T8LSJKG8ZY2B2SPB5BW.png,,false,0,,,,,Product,0,1,,2025-10-17 17:14:05.643,0,1,
367,2025-10-17 17:14:05.647,2025-11-01 18:59:55.700,"7891962042725",PAO DE MEL BAUDUCCO 30G,7,1.79,"7891962042725",false,,images/product/367_GVPHACDRT9YLLDDGX2VSZNW83MTPM7PK.png,,false,0,,,,,Product,0,1,,2025-10-17 17:14:05.647,0,1,
373,2025-10-17 17:14:05.659,2026-03-02 13:03:32.097,"7622210564313",TRIDENT HERBAL,1,2.09,"7622210564313",false,,images/product/373_Z7CXPJ6KZ6SR3MRTVHBWFTU5L8R4WM2V.png,,false,0,,,,,Product,0,1,,2025-10-17 17:14:05.659,5,21,
370,2025-10-17 17:14:05.653,2026-03-02 13:17:54.013,"7891151039697","DROPS FREEG 12X27,9G AZED MOR",1,1,"7891151039697",false,,images/product/370_WAGCZW44QS6J3QGNUP49S42LYZAY9UV6.png,,false,0,,,,,Product,0,1,,2025-10-17 17:14:05.653,1,15,
377,2025-10-17 17:14:05.668,2026-03-02 13:18:10.909,"7898142865082",TORTUGUITA RECHEIO BRIGADEIRO,9,1.49,"7898142865082",false,,images/product/377_KSMYNZS7E47J7WTBVECECPYD77SAG2MV.png,,false,0,,,,,Product,0,1,,2025-10-17 17:14:05.668,1,20,
431,2025-10-23 16:36:45.792,2026-03-02 13:18:17.103,"7898142865068",TORTUGUITA BRANCO COM RECHEIO,1,1.49,"7898142865068",false,,images/product/431_5A6E6F6YZ8RVZ4A4CYUSB2FASRRBYJJ3.png,,false,0,,,,,Product,0,1,,2025-10-23 16:36:45.792,1,20,
-2,2025-11-03 16:32:58.452,2025-11-03 16:32:58.452,RECARGA,RECARGA,,0,,false,,,,false,0,,,"00000000",,Product,1,5,,2025-11-03 16:32:58.452,0,1,
430,2025-10-23 16:30:42.843,2025-11-04 12:58:16.794,"78939301",BOMBOM SONHO DE VALSA 20G,1,1.1,"78939301",false,,images/product/430_WX6BBD6Z6959KN5V69X68YE6CWBXQM2N.png,,false,0,,,,,Product,0,1,,2025-10-23 16:30:42.843,0,1,
404,2025-10-17 17:14:05.764,2025-11-05 20:53:27.617,"7894900701517",REFRIGERANTE SEM AÇÚCAR COCA-COLA ZERO GARRAFA 2L,10,8.98,"7894900701517",false,,images/product/404_L58M956PH8FX2W2CXGGFDWLT2VT92JAM.png,,false,0,,,,,Product,0,1,,2025-10-17 17:14:05.764,0,1,
144,2025-10-10 12:29:33.435,2025-11-05 20:59:33.935,"7896045506873",CERVEJA HEINEKEN 350ML LATA,16,5.39,"7896045506873",true,,images/product/144_8MFMQ6WC9C29BXKU3859QW6BJ9PP4L7X.png,,false,0,,,"00000000",,Product,2,12,,2025-10-10 12:29:33.435,0,1,
369,2025-10-17 17:14:05.651,2026-03-02 13:21:56.453,"7895144693224",CONFEITO MENTOS C/16 STICK T FR,1,2.39,"7895144693224",false,,images/product/369_CN2YQACH4CJ47K8HLAFWFR7YBBX437MR.png,,false,0,,,,,Product,0,1,,2025-10-17 17:14:05.651,1,16,
134,2025-10-10 12:29:33.435,2025-11-07 01:15:28.014,"7894321242521",BEBIDA LÁCTEA UHT CHOCOLATE TODDYNHO LEVINHO CAIXA 200ML,19,2.99,"7894321242521",false,,images/product/134_SXB68YU2GBN3SNC6C5YDTEWAL2W24EDU.png,,false,0,,,"00000000",,Product,1,27,,2025-10-10 12:29:33.435,0,1,
181,2025-10-10 12:29:33.435,2025-12-05 12:37:27.411,"7892840822293",SALGADINHO DE MILHO MIX DE QUEIJOS ELMA CHIPS CHEETOS PACOTE 36G,4,3.79,"7892840822293",false,,images/product/181_LQHJX8DYVCNQJYAJTMHXZSSW5SUC2Q76.png,,false,0,,,"00000000",,Product,0,1,,2025-10-10 12:29:33.435,0,1,
37,2025-10-10 12:29:33.435,2025-11-07 01:19:00.133,"7894900531008",AGUA MINERAL NATURAL COM GAS CRYSTAL GARRAFA 500ML,13,2.59,"7894900531008",false,,images/product/37_WAJ9MFNSV4FVTDVPSNDDBZ3WSBF22YE5.png,,false,0,,,"00000000",,Product,2,12,,2025-10-10 12:29:33.435,0,1,
138,2025-10-10 12:29:33.435,2025-11-07 01:25:30.413,"7894900660302",SUCO DEL VALE NECTAR MARACUJA LATA 290ML,17,4.59,"7894900660302",false,,images/product/138_VAKZTUHSYNCH686N4PZRKBK78MK922MU.png,,false,0,,,"00000000",,Product,2,6,,2025-10-10 12:29:33.435,0,1,
170,2025-10-10 12:29:33.435,2025-12-03 16:13:19.232,_170_611269101713,ENERGETICO RED BULL ZERO LT 250ML,3,6.89,"611269101713",false,2026-04-10 18:40:56.932,images/product/170_9LT5GXT8NBM2C4Q6GVFMRB9YE2WFQ6VM.png,,false,0,,,"22029900",0,Product,3,4,,2025-10-10 12:29:33.435,0,1,
159,2025-10-10 12:29:33.435,2025-11-07 01:26:00.780,"7894900660265",SUCO DEL VALE NECTAR GOIABA S/ ACUCAR LATA 290ML	,17,4.59,"7894900660265",false,,images/product/159_YFVDQ43N4EB9ZTT9YYTYXRZWQCDJJU45.png,,false,0,,,"00000000",,Product,2,6,,2025-10-10 12:29:33.435,0,1,
180,2025-10-10 12:29:33.435,2025-11-07 01:26:19.686,"7894900660333",SUCO DEL VALE NECTAR UVA LATA 290ML,17,4.59,"7894900660333",false,,images/product/180_JU926CA6C6GAFX6QRJ7G33Z45V4XUFAY.png,,false,0,,,"00000000",,Product,2,6,,2025-10-10 12:29:33.435,0,1,
632,2025-11-21 19:49:31.417,2025-11-21 19:49:41.023,"7894900320015",REFRIGERANTE CITRUS SCHWEPPES LATA 350ML,10,3.79,"7894900320015",false,,images/product/632_ELKH76ZS33GH7FVCHJXFQEX52XCLV53L.png,,false,0,,,,,Product,0,1,,2025-11-21 19:49:31.417,0,1,
126,2025-10-10 12:29:33.435,2025-12-02 18:23:10.440,_126_7892840822347,DORITOS ORIGINAL QUEIJO NACHO 75G,4,8.59,"7892840822347",false,2025-12-05 12:35:33.433,images/product/126_HT3Q3D8RJ5U4HV4ES7Q9PG2F3RVP5SGF.png,,false,0,,,"00000000",,Product,0,1,,2025-10-10 12:29:33.435,0,1,
124,2025-10-10 12:29:33.435,2025-12-02 18:22:28.303,"7896002311687",BISNAGA NA CHAPA,,9.13,"7896002311687",false,,images/product/124_PCD9XYWWC69S5SN9SGMS8DVM2KWELZ47.png,,false,0,,,,,Product,0,1,,2025-10-10 12:29:33.435,0,1,
663,2025-11-28 14:35:47.087,2025-11-28 14:36:47.481,"7891000338285",CHOC NESCAU BALL 75G,9,3,"7891000338285",false,,images/product/663_HT6S3XBA8S73YZ8VAMJUTHCFRLMCHHGH.png,,false,0,,,,,Product,0,1,,2025-11-28 14:35:47.087,0,1,
628,2025-11-21 19:41:34.932,2025-11-21 19:42:07.455,"7898080643292",BEB LACT ITALAC 250ML C/WHEY PISTACHE TP,8,6.09,"7898080643292",false,,images/product/628_JV645WU3UJ2JYSYDUSD6WZS9FZ4794S5.png,,false,0,,,,,Product,0,1,,2025-11-21 19:41:34.932,0,1,
629,2025-11-21 19:44:13.369,2025-11-21 19:44:21.321,"7891098040893",CHÁ PRETO ICE TEA PÊSSEGO LEÃO GARRAFA 450ML,11,4.59,"7891098040893",false,,images/product/629_V9JUUXH4XSLES8Z5U2VKYLVQ7C9GD5XE.png,,false,0,,,,,Product,0,1,,2025-11-21 19:44:13.369,0,1,
630,2025-11-21 19:44:43.114,2025-11-21 19:45:12.660,"7891098040848",CHÁ PRETO ICE TEA LIMÃO LEÃO GARRAFA 450ML,11,4.59,"7891098040848",false,,images/product/630_WA9GQDX58F6C93FY2FESGXJ7AN3BK6PQ.png,,false,0,,,,,Product,0,1,,2025-11-21 19:44:43.114,0,1,
631,2025-11-21 19:46:22.590,2025-11-21 19:46:28.095,"7891098000170",CHA LEAO HORTELA 10 SAQ 10g,11,3.49,"7891098000170",false,,images/product/631_695W7V7HA3YJSALZGV5L57HVJ54U4DV5.png,,false,0,,,,,Product,0,1,,2025-11-21 19:46:22.590,0,1,
376,2025-10-17 17:14:05.665,2025-12-03 16:20:57.257,"7898024397915",NUTELLA B-READY 22G,9,4.99,"7898024397915",false,,images/product/376_RXEHSGQWUSXK72TALTTAMMRFX4WQ65B6.png,,false,0,,,,,Product,0,1,,2025-10-17 17:14:05.665,0,1,
664,2025-11-28 14:38:50.047,2026-04-13 20:11:46.741,"3621584565","1- PRESTIGIOS SORTIDOS",9,1,"7896336006624",false,,images/product/664_L6X32SR9GWAFL7QS9LL62EKVRKK6ZAFU.png,,false,0,,,,,Product,0,1,,2025-11-28 14:38:50.047,1,14,
122,2025-10-10 12:29:33.435,2025-12-02 18:20:13.443,"9002490264093",ENERG RED BULL CEREJA 250ml,3,6.89,"9002490264093",false,,images/product/122_4AMDVBRVZHYQEYPLQWJ3M2R9RU9XJUJ5.png,,false,0,,,"00000000",,Product,3,4,,2025-10-10 12:29:33.435,0,1,
371,2025-10-17 17:14:05.655,2026-03-02 13:17:58.153,"7891151039710",DROPS FREEG AZED UVA,1,1,"7891151039710",false,,images/product/371_4X6EB57YKTBLMFF584EBKJWE4AP7VFPM.png,,false,0,,,,,Product,0,1,,2025-10-17 17:14:05.655,1,15,
596,2025-11-07 13:20:12.535,2026-03-02 13:18:32.004,"7898024398806",TIC TAC DE FRUTAS,12,2.4,"78945463",false,,images/product/596_G28ZAJRFHPXCKHW9MLGX2G3X69PFHTYZ.png,,false,0,,,,,Product,0,1,,2025-11-07 13:20:12.535,1,14,
597,2025-11-07 13:21:39.395,2026-03-02 13:18:35.708,"7898024398882",TIC TAC FRUTAS CITRICAS,12,2.4,"78946033",false,,images/product/597_6SNG3CQ5T6NUTD8CD6RXGA7QZP2W6QDD.png,,false,0,,,,,Product,0,1,,2025-11-07 13:21:39.395,1,14,
595,2025-11-07 13:07:51.815,2026-03-02 13:18:49.190,"7622300867119",CHOCOLATE 5 STAR 40G,9,2.89,"7622210411501",false,,images/product/595_AAXGD8FLGKV6FWEDFRWAQHQD755SYWQW.png,,false,0,,,,,Product,0,1,,2025-11-07 13:07:51.815,1,18,
665,2025-11-28 14:40:05.766,2026-03-02 13:19:19.700,"78917125",CHOC TALENTO MINI 15X25G DIET AVELA,9,1,"78917125",false,,images/product/665_AQFV6N5EDB6BAN9NA9YESGKHL9M6D4T4.png,,false,0,,,,,Product,0,1,,2025-11-28 14:40:05.766,1,15,
661,2025-11-28 14:23:07.211,2026-03-02 13:18:56.263,_661_7896306625268,CHOC TRENTO 16X29G CHOC BCO,9,2.29,"7896306625268",false,2026-03-03 16:21:05.945,images/product/661_T2MK7FBQZ9MFHRS8BLWZMC3DRSJAKHND.png,,false,0,,,,,Product,1,16,,2025-11-28 14:23:07.211,1,16,
382,2025-10-17 17:14:05.694,2025-12-03 16:22:20.719,"9002490250270",ENERG RED BULL 250ML PITAYA LT,3,7.79,"9002490250270",false,,images/product/382_WJL7XNMZHGVP7YS2K4GGK76B79EHVS7G.png,,false,0,,,,,Product,0,1,,2025-10-17 17:14:05.694,0,1,
409,2025-10-17 17:14:05.790,2025-12-03 16:23:59.154,"7896336012243",AMENDOIM MENDORATO 27G,4,0.79,"7896336012243",false,,images/product/409_P9ERS73YDYD2QJGNCRDRR9L27DUZAVTF.png,,false,0,,,,,Product,0,1,,2025-10-17 17:14:05.790,0,1,
411,2025-10-17 17:14:05.798,2025-12-03 16:24:26.353,"7892840822866",SALGADINHO FANDANGOS QUEIJO 35G,4,2.18,"7892840822866",false,,images/product/411_GYRCSSTNCFKW8K6S9EQQY8DDAZAZCP62.png,,false,0,,,,,Product,0,1,,2025-10-17 17:14:05.798,0,1,
378,2025-10-17 17:14:05.671,2026-03-02 13:22:10.498,"7896306624025",TRENTO AVELA BRANCO 32G,9,2.29,"7896306624025",false,,images/product/378_4YHYG7UGZXS4JS5P9U9LFJGZBE2H5LFY.png,,false,0,,,,,Product,0,1,,2025-10-17 17:14:05.671,1,16,
379,2025-10-17 17:14:05.673,2026-03-02 13:22:14.579,"7896306624933",TRENTO MILK 32G,9,2.29,"7896306624933",false,,images/product/379_JKAEBZ2YXE758AWQA3QKWRMQR6H5H5T6.png,,false,0,,,,,Product,0,1,,2025-10-17 17:14:05.673,1,16,
164,2025-10-10 12:29:33.435,2025-12-03 16:12:04.023,"7892840822972",BATATA RUFFLES ORIGINAL 33G,4,4.79,"7892840822972",false,,images/product/164_FKKX66BTV96JKNK8FJDV5T8YUX68LUTM.png,,false,0,,,"00000000",,Product,0,1,,2025-10-10 12:29:33.435,0,1,
385,2025-10-17 17:14:05.702,2026-03-07 22:03:42.175,"1220000250222",ENERGÉTICO MONSTER ULTRA WATERMELON 473ML,3,8.99,"1220000250222",false,,images/product/385_988HKXDAFVGNC44EKP59UY63LUVVBE7U.png,,false,0,,,,,Product,2,6,,2025-10-17 17:14:05.702,0,1,
169,2025-10-10 12:29:33.435,2025-12-03 16:13:04.714,"7891962060361",BISCOITO CHOCO BISCUIT BAUDUCCO 36G,6,2.38,"7891962060361",false,,images/product/169_NDNM8UKUXXUEYUYPDJCHS3P96M5CHRCL.png,,false,0,,,"00000000",,Product,1,16,,2025-10-10 12:29:33.435,0,1,
175,2025-10-10 12:29:33.435,2025-12-03 16:14:24.768,"7898080642905",BEB LACT ITALAC 250ML C/WHEY BAUN TP,8,6.09,"7898080642905",false,,images/product/175_Y6889ZUKHPS5WJ54L76Q4UNEJQ83VYZG.png,,false,0,,,"00000000",,Product,1,12,,2025-10-10 12:29:33.435,0,1,
177,2025-10-10 12:29:33.435,2025-12-03 16:14:58.004,"7892840822385",SALGAD ELMA CHIPS DORITOS 32g,4,4.79,"7892840822385",false,,images/product/177_8HZRF5HEMVTQ6JYAVRVEGAPYRWLBZLJS.png,,false,0,,,"00000000",,Product,0,1,,2025-10-10 12:29:33.435,0,1,
179,2025-10-10 12:29:33.435,2025-12-03 16:15:28.630,"7891079013052",CUP NOODLES CARNE DEFUMADA 69g,5,6.59,"7891079013052",false,,images/product/179_R6NLEJGGL6FMFQVUR4KNFGKD5MPMCCX7.png,,false,0,,,"00000000",,Product,0,1,,2025-10-10 12:29:33.435,0,1,
183,2025-10-10 12:29:33.435,2025-12-03 16:15:59.928,"7896004006277",BATATA PRINGLES ORIGINAL 120G,4,11.89,"7896004006277",false,,images/product/183_G4U3FZGTC68RQ38CAK339TZD4UAMZYQM.png,,false,0,,,"00000000",,Product,1,18,,2025-10-10 12:29:33.435,0,1,
184,2025-10-10 12:29:33.435,2025-12-03 16:16:13.593,"7891079013038",CUP NOODLES GALINHA CAIPIRA 69g,5,6.59,"7891079013038",false,,images/product/184_UWQSZTFYD48SQVK47Y6MK9FHKUDMZF8N.png,,false,0,,,"00000000",,Product,0,1,,2025-10-10 12:29:33.435,0,1,
26,2025-10-10 12:29:33.435,2025-12-05 13:11:21.814,"7892840823375",BATATA LAYS 70G CLASSICA,4,10.59,"7892840823375",false,,images/product/26_ABNTVLM7B8TYF8PB7QAJV5T8PDN6UE8C.png,,false,0,,,"00000000",,Product,0,1,,2025-10-10 12:29:33.435,0,1,
176,2025-10-10 12:29:33.435,2025-12-05 13:14:08.964,"7891000889701",BOLACHA CALIPSO CHOCOLATE 130G,6,8.29,"7891000889701",false,,images/product/176_YWW9TPMC946N9XJ2ZKXHNZLF58KLH5AS.png,,false,0,,,"00000000",,Product,0,1,,2025-10-10 12:29:33.435,0,1,
178,2025-10-10 12:29:33.435,2025-12-05 13:14:12.148,"7891000367773",BOLACHA CALIPSO CHOCOLATE BRANCO 130G,6,8.29,"7891000367773",false,,images/product/178_PS6WMSQK5TNW7F55PJAJ59PBLZYQQDVA.png,,false,0,,,"00000000",,Product,0,1,,2025-10-10 12:29:33.435,0,1,
65,2025-10-10 12:29:33.435,2025-12-05 20:36:48.318,"7892840823399",BATATA LAYS SOUR CREAM 70G,4,10.59,"7892840823399",false,,images/product/65_8YVC4ESGYAA4YXVMCD8S8FKHPWTCQ7MB.png,,false,0,,,"00000000",,Product,0,1,,2025-10-10 12:29:33.435,0,1,
187,2025-10-10 12:29:33.435,2025-12-03 16:17:19.004,"7896269652103",FIO DENT DENTICS MENTA LV100M PG50M,2,7.69,"7896269652103",false,,images/product/187_PNR4FD4C9CTYWPTAM27DWQ6BXJUX5BDZ.png,,false,0,,,"00000000",,Product,0,1,,2025-10-10 12:29:33.435,0,1,
189,2025-10-10 12:29:33.435,2025-12-03 16:17:51.407,"7891024024386",ESCOVA DENT COLGATE ESSENC CLEAN MACIA UNIDADE,2,3.69,"7891024024386",false,,images/product/189_33T6GYAMZJVVKZAUHG2QKLWE7C8X6GSU.png,,false,0,,,"00000000",,Product,0,1,,2025-10-10 12:29:33.435,0,1,
383,2025-10-17 17:14:05.697,2025-12-03 16:22:33.113,"070847022022",ENERGÉTICO MONSTER KHAOS 473ML,3,8.99,"070847022022",false,,images/product/383_5UNPYG2JWN2HW3KJUPDMV2HRE4N6NT5U.png,,false,0,,,,,Product,0,1,,2025-10-17 17:14:05.697,0,1,
384,2025-10-17 17:14:05.699,2025-12-03 16:22:46.045,"1220000250000",ENERGÉTICO MONSTER ULTRA PARADISE 473ML,3,8.99,"1220000250000",false,,images/product/384_L9FA2SYXH7SLUTC3ALPASSDETVC7JT8W.png,,false,0,,,,,Product,0,1,,2025-10-17 17:14:05.699,0,1,
188,2025-10-10 12:29:33.435,2026-03-02 13:15:38.700,"7895144603063",CONFEITO MENTOS C/16 FR VERM,1,1.99,"7895144603063",false,,images/product/188_W2L6BAE3H9N4C4B2U7K57F4UDZRH3PXR.png,,false,0,,,"00000000",,Product,1,16,,2025-10-10 12:29:33.435,1,16,
191,2025-10-10 12:29:33.435,2026-03-02 13:15:46.335,"7896306625190",CHOCOLATE PECCIN TRENTO AVELA 32G,9,2.29,"7896306625190",false,,images/product/191_B3YRTRRXNTGEKPV3UG7A45XXA3R843ZV.png,,false,0,,,"19053200",0,Product,1,16,,2025-10-10 12:29:33.435,1,16,
386,2025-10-17 17:14:05.704,2025-12-03 16:23:12.676,"7898460933258",FIO DENT SELECT 100m,2,9.89,"7898460933258",false,,images/product/386_U9BQ3MVEEL7VYLWBKANNARKLDTFGW6RM.png,,false,0,,,,,Product,0,1,,2025-10-17 17:14:05.704,0,1,
413,2025-10-17 17:14:05.803,2025-12-03 16:24:54.414,"7892840816452",SALGADINHO FANDANGOS SABOR QUEIJO 45G,4,2.18,"7892840816452",false,,images/product/413_C9AX8NBS4EQU5GGNVV9C92XJEKBAZ24Y.png,,false,0,,,,,Product,0,1,,2025-10-17 17:14:05.803,0,1,
381,2025-10-17 17:14:05.691,2025-12-03 16:29:07.694,"7896006711155",ARROZ TIPO 1 CAMIL 5kg,34,29.9,"7896006711155",false,,images/product/381_P52AKB6RTY6QE96MXXYEM7ZN3QH7E9ES.png,,false,0,,,,,Product,0,1,,2025-10-17 17:14:05.691,0,1,
388,2025-10-17 17:14:05.711,2025-12-03 16:29:21.652,"7896094910904",ADOC LIQ ZERO CAL 100ml,15,0.01,"7896094910904",false,,images/product/388_MSRGUWYQ2X8UT4WM3JHQ2KXMFFBGR255.png,,false,0,,,,,Product,0,1,,2025-10-17 17:14:05.711,0,1,
109,2025-10-10 12:29:33.435,2025-12-05 15:10:45.352,"0070847022015",ENERGÉTICO MONSTER TRADICIONAL 473ML,3,8.99,"0070847022015",false,,images/product/109_8BPAMDXB8PFGJCCWV75SGKL227L96H7X.png,,false,0,,,"00000000",,Product,2,6,,2025-10-10 12:29:33.435,0,1,
192,2025-10-10 12:29:33.435,2025-12-03 16:18:41.986,"7896004008998",BATATA PRINGLES CHEDDAR E BACON 120G,4,11.89,"7896004008998",false,,images/product/192_4PYGXL9FU9JS9LDSTYVLNXMW9FS8E2WQ.png,,false,0,,,"00000000",,Product,1,18,,2025-10-10 12:29:33.435,0,1,
194,2025-10-10 12:29:33.435,2025-12-03 16:19:47.297,"7891079013083",NISSIN CUP NOODLES COSTELA/CHURRASCO 68G,21,6.59,"7891079013083",false,,images/product/194_YA7BXTBNKH8KTZCY2AS8M3YLP6HCQTME.png,,false,0,,,"00000000",,Product,0,1,,2025-10-10 12:29:33.435,0,1,
195,2025-10-10 12:29:33.435,2025-12-03 16:20:01.827,"7896004006284",BATATA PRINGLES QUEIJO 109G,4,11.89,"7896004006284",false,,images/product/195_UDNU3LXC9XW7P5U3GHUTVDXPXC5YE9VP.png,,false,0,,,"00000000",,Product,1,18,,2025-10-10 12:29:33.435,0,1,
387,2025-10-17 17:14:05.706,2025-12-03 16:23:32.172,"7896425511107",FIO DENTAL ICEFRESH 50M,2,5.19,"7896425511107",false,,images/product/387_6D9VZBXZB2L4MVJ4755RMMBMEESGJP2D.png,,false,0,,,,,Product,0,1,,2025-10-17 17:14:05.706,0,1,
389,2025-10-17 17:14:05.713,2025-12-03 16:29:34.970,"5601216120152",AZEITE EX VIRGEM ANDORINHA VD 500ml,15,47.9,"7790070218216",false,,images/product/389_HCNU6Y3DWFHXJHE5SSFZ5JY6Z7JQF3RF.png,,false,0,,,,,Product,0,1,,2025-10-17 17:14:05.713,0,1,
391,2025-10-17 17:14:05.718,2025-12-03 16:31:07.039,"7898497685724",GARFO DESC SELECT CRT FESTA 671 50un,15,0.01,"7898497685724",false,,images/product/391_ZMZ4P7HE9KF9FWMH3RKE2C7AAKM7PWE8.png,,false,0,,,,,Product,0,1,,2025-10-17 17:14:05.718,0,1,
392,2025-10-17 17:14:05.720,2025-12-03 16:31:22.049,"7898202612403",KIT GARFO FACA STRAWPLAST SACHE BCO 50un,15,0.01,"7898202612403",false,,images/product/392_BEAUDW6S3WN4J6WSLQPC7HD7NSDTM49J.png,,false,0,,,,,Product,0,1,,2025-10-17 17:14:05.720,0,1,
393,2025-10-17 17:14:05.722,2025-12-03 16:31:46.412,"7898080640611",LEITE INTEGRAL C/T ITALAC 1L,15,0.01,"7898080640611",false,,images/product/393_C477AP9Z6ERSZFQP8ZV34ZZQKZ9EQW6N.png,,false,0,,,,,Product,0,1,,2025-10-17 17:14:05.722,0,1,
399,2025-10-17 17:14:05.736,2025-12-03 16:32:00.217,"7896036090244",OLEO SOJA LIZA 900ml,15,0.01,"7896036090244",false,,images/product/399_9RKQG63EKDRSHFCZMLAZB77PVEMS6CPJ.png,,false,0,,,,,Product,0,1,,2025-10-17 17:14:05.736,0,1,
400,2025-10-17 17:14:05.742,2025-12-03 16:32:15.759,"7891095154067",OREGANO KITANO 10g,15,0.01,"7891095154067",false,,images/product/400_37GUN75JGXHCQ888YNXDA7VXMRZWZRF7.png,,false,0,,,,,Product,0,1,,2025-10-17 17:14:05.742,0,1,
401,2025-10-17 17:14:05.745,2025-12-03 16:32:30.734,"7896030800955",PRATO DESC EPS COPOBRAS CPR023 25un 23cm,15,0.01,"7896030800955",false,,images/product/401_U9MN535JCTT2UN3Y3HL49B8DMT4AE26W.png,,false,0,,,,,Product,0,1,,2025-10-17 17:14:05.745,0,1,
402,2025-10-17 17:14:05.748,2025-12-03 16:32:47.486,"7898918330738",PRATO DESC RASO KEROCOPO 15CM 10un,15,0.01,"7898918330738",false,,images/product/402_WMST93FJKRTRH4LE6B6423Q95MZK6Y7V.png,,false,0,,,,,Product,0,1,,2025-10-17 17:14:05.748,0,1,
405,2025-10-17 17:14:05.772,2025-12-03 16:33:03.717,"7896035210001",SAL REFINADO CISNE 1kg,15,0.01,"7896035210001",false,,images/product/405_3AAYY44EYHVW87U8YFN3XFHHG9B2AC7Z.png,,false,0,,,,,Product,0,1,,2025-10-17 17:14:05.772,0,1,
406,2025-10-17 17:14:05.776,2025-12-03 16:33:25.094,"7891132019403",TEMP FLOPPY SAZON AMARELO 60g,15,0.01,"7891132019403",false,,images/product/406_TLEGZUJVLCNVLXBP4CSZGPPTT3UJH624.png,,false,0,,,,,Product,0,1,,2025-10-17 17:14:05.776,0,1,
193,2025-10-10 12:29:33.435,2025-12-06 19:48:41.881,"00011","1 - SALGADOS DIVERSOS",20,4.49,"1946753214860",false,,images/product/193_9RZ6T2DYKNMWHAP4BQGFQYGGPEEAQTE2.png,,false,0,,,"00000000",,Product,1,5,,2025-10-10 12:29:33.435,0,1,
407,2025-10-17 17:14:05.779,2025-12-03 16:33:40.323,"7896314709561",VASSOURA STA MARIA PHENIX,15,0.01,"7896314709561",false,,images/product/407_UUXJNDRC6LBJVA78SGGW6GD9WRNUPUSS.png,,false,0,,,,,Product,0,1,,2025-10-17 17:14:05.779,0,1,
408,2025-10-17 17:14:05.787,2025-12-03 16:33:55.037,"7896048284631",VINAGRE ALCOOL VITALIA 750ml,15,0.01,"7896048284631",false,,images/product/408_9X6DYF6294NH8383H6LF369CEZRW7JYK.png,,false,0,,,,,Product,0,1,,2025-10-17 17:14:05.787,0,1,
140,2025-10-10 12:29:33.435,2026-03-02 13:13:08.347,"7896261402805",BARRA DE CEREAL NUTS & JOY CRANBERRY 30G,8,2.99,"7896261402805",false,,images/product/140_K5RQSW8Q6GRNFTDDH9T3DMVQ4WKB8695.png,,false,0,,,"00000000",,Product,1,12,,2025-10-10 12:29:33.435,1,12,
135,2025-10-10 12:29:33.435,2026-02-11 18:03:07.696,"7891991015493",CERVEJA ORIGINAL 350ML PILSEN,16,3.69,"7891991015493",false,,images/product/135_PKGQUVN2UA4LF6T2QNMQ7YB6Q93ZC8N7.png,,false,0,,,"00000000",,Product,0,1,,2025-10-10 12:29:33.435,0,1,
151,2025-10-10 12:29:33.435,2026-03-02 13:03:18.723,"7898591450686",GOMA FINI 12X15G BANANA,1,0.69,"7898591450686",false,,images/product/151_2TFCYNWVMAT2NHKKN8WTVJ7FE2S5H429.png,,false,0,,,"00000000",,Product,1,12,,2025-10-10 12:29:33.435,5,21,
190,2025-10-10 12:29:33.435,2026-03-02 13:15:42.534,"7895144603223",CONFEITO MENTOS C/16 STICK T FR,1,1.99,"7895144603223",false,,images/product/190_A9Q38W9X2JY4DXCSJ7RLRDXGK9TKCX6F.png,,false,0,,,"00000000",,Product,1,16,,2025-10-10 12:29:33.435,1,16,
196,2025-10-10 12:29:33.435,2026-03-02 13:15:53.309,"78907461",MINI CHOCOLATE TALENTO AVELÃS 25G,9,2.29,"78907461",false,,images/product/196_T4CSB4S2V4JWHT5CVG6JE2UK9KMVFYKJ.png,,false,0,,,"00000000",,Product,1,15,,2025-10-10 12:29:33.435,1,15,
366,2025-10-17 17:14:05.645,2026-03-02 13:17:37.558,"7891962000725",BOLINHO BAUNILHA E CHOCOLATE 40G,7,1.99,"7891962000725",false,,images/product/366_SUCSFVV5MQRU6B6G42JNQEJWK3VEZDAX.png,,false,0,,,,,Product,0,1,,2025-10-17 17:14:05.645,1,16,
375,2025-10-17 17:14:05.663,2026-03-02 13:18:04.203,"78930230",CHOCOLATE GAROTO BATON CREME16G,9,1.29,"78930230",false,,images/product/375_ZBE3FD7JUC2HXLSU7F93QATH9AL9FYM8.png,,false,0,,,,,Product,0,1,,2025-10-17 17:14:05.663,1,30,
662,2025-11-28 14:26:20.979,2026-03-02 13:22:40.999,_662_7896306625282,CHOC TRENTO 16X29G DARK,9,2.29,"7896306625282",false,2026-03-03 16:49:38.211,images/product/662_ERPASAB9UT8JZTUHJCDNQ3GEZHGQSJ4J.png,,false,0,,,,,Product,1,16,,2025-11-28 14:26:20.979,1,16,
463,2025-10-24 17:21:40.619,2026-03-02 13:18:24.860,_463_7891000440339,Baton,,1.29,"7891000440339",false,2026-04-10 19:29:18.348,images/product/463_4SC8LB8DWVWVHJSCWMTB98C63XUC3U7V.png,,false,0,,,,,Product,0,1,,2025-10-24 17:21:40.619,1,30,
